NDPI,NDBI,NORMALIZED_NDBI,NORMALIZED_VV,NORMALIZED_VH,RBR_NDBI,RBR_VV,RBR_VH,Burn_Classification
-0.05785123966937367,0.008849557522116061,-1.0,0.1632653,-0.15151516,0.0,1.3902439024356334,0.7368421052621883,Burned
-0.12857142857133674,-0.18120805369115356,1.0,-0.2947977,-0.10659899,0.0,0.5446428571423708,0.8073394495405437,Burned
-0.4333333333326111,-0.46031746031672965,1.0,-0.5903614,0.0952381,0.0,0.2575757575753673,1.210526315786288,Burned
0.45333333333318226,0.5460992907799482,0.12058212057021422,0.5970696,0.4883721,1.27423167819088,3.9636363636291567,2.909090909077686,Burned
-0.2156862745096982,-0.1351351351350621,-0.5696969697876964,0.19402985,-0.20454545,0.2741312741868641,1.481481481478738,0.6603773584901508,Burned
0.3652694610776256,0.4161490683227229,0.19427575345825587,-0.2807571,-0.41614908,1.482238815857953,0.5615763546795264,0.4122807017540243,Burned
0.26241134751763745,0.2108843537414249,-1.0,0.6635514,-0.36438355,0.0,4.94444444443071,0.465863453815074,Burned
-0.8734177215178818,-0.8571428571416326,1.0,-0.8630137,0.5294118,0.0,0.07352941176459775,3.2499999999837503,Burned
0.225806451612539,-0.24752475247500244,-0.313583815072433,0.11764706,-0.14285715,0.5225522553357801,1.2666666666624444,0.7499999999991072,Burned
-0.08974358974353222,0.021582733812934116,-1.0,0.73170733,0.51111114,0.0,6.454545454486777,3.0909090908950416,Burned
-0.03658536585363623,0.03267973856207015,-0.8106508873390491,0.112676054,0.38317758,0.10457516336526934,1.2539682539662635,2.242424242417447,Burned
0.3855799373039544,0.578571428571222,0.9587142434236899,0.45394737,-0.15714286,10.0,2.6626506024064307,0.7283950617274958,Burned
-0.941176470585467,-0.9534883720908058,1.0,-0.9869281,-0.38686132,0.0,0.006578947368416725,0.4421052631574294,Burned
-0.2672413793102297,-0.06077348066294985,-0.7049004413301039,0.07594936,-0.22580644,0.17308902725397846,1.1643835616422404,0.6315789473680056,Burned
-0.13725490196069462,-0.10810810810803508,-1.0,-0.13157895,0.60784316,0.0,0.7674418604642239,4.0999999999795005,Burned
0.36111111111060956,0.38028169014030944,-1.0,0.3611111,-0.45679012,0.0,2.130434782599433,0.3728813559315714,Burned
-0.9999999999974358,-0.9999999999981132,1.0,-1.0,-0.31612903,0.0,0.0,0.5196078431367455,Burned
-0.36842105263109415,0.17073170731665674,-1.0,-0.36842105,-0.7443609,0.0,0.46153846153757394,0.1465517241378047,Burned
-0.6438356164374742,-0.49999999999903844,1.0,-0.8,-0.16129032,0.0,0.11111111111101614,0.7222222222208847,Burned
0.43722943722924795,0.4434782608693724,1.0,0.8757062,0.6,0.0,10.0,3.9999999999750004,Burned
0.32786885245874764,0.14084507042243605,-0.5604395603520965,-0.114754096,0.28421053,0.28169014078874116,0.794117647058045,1.7941176470535467,Burned
-0.08433734939748874,-0.19148936170192393,-1.0,-0.1827957,0.25842696,0.0,0.6909090909078347,1.6969696969645545,Burned
0.1058823529410519,0.11904761904747732,-0.5544893761812534,0.010752688,0.32142857,0.2865961198605576,1.0217391304325614,1.9473684210423825,Burned
-0.22619047619034158,-0.18749999999988282,-1.0,-0.46938777,0.50793654,0.0,0.36111111111091054,3.0645161290223726,Burned
-0.6176470588232267,-0.6213592233006693,0.10428601008583455,-0.22772278,-0.059154928,1.2328556020321497,0.6290322580635015,0.888297872339953,Burned
-0.06796116504847771,0.548387096773309,0.3040224508520786,-0.37662336,-0.6111111,1.8736559133364488,0.4528301886788181,0.2413793103444114,Burned
0.16666666666657987,0.11442786069646049,1.0,0.39130434,0.19463088,0.0,2.285714285709621,1.4833333333308611,Burned
0.2869565217388809,0.10447761194022055,-1.0,0.0647482,-0.28143713,0.0,1.138461538459787,0.5607476635508778,Burned
-0.1818181818180441,0.3499999999995625,0.4023242943297345,-0.3164557,-0.49514562,2.3462962947217716,0.51923076923027,0.3376623376618991,Burned
-0.6791443850263749,-0.615384615384221,0.5333559093111812,-0.5862069,-0.14285715,3.2859216272978804,0.2608695652171645,0.7499999999995536,Burned
-0.703703703702835,-0.6619718309849831,1.0,-0.87628865,0.21649484,0.0,0.06593406593402971,1.5526315789432825,Burned
-0.2373540856030205,-0.1327433628317997,-1.0,0.31543624,0.66233766,0.0,1.9215686274472126,4.923076923057988,Burned
-0.3644859813082409,-0.33333333333316995,0.7049180329672781,0.16239317,0.42408377,5.7777777877953165,1.3877551020379841,2.4727272727227767,Burned
0.21393034825860005,0.17874396135257067,-0.6811137813263696,0.09417041,0.9318182,0.18968746917053544,1.207920792078012,10.0,Burned
0.4906832298133599,0.4999999999996875,0.34246575337885726,0.32596686,0.038961038,2.041666665833793,1.9672131147508733,1.0810810810781593,Burned
-0.333333333332906,0.999999999996154,1.0,-0.6533333,-1.0,0.0,0.2096774193546696,0.0,Burned
0.5483870967724246,0.11627906976717144,-0.5154185020958212,-0.57894737,-0.37704918,0.3197674417720276,0.26666666666637034,0.45238095237987525,Burned
-0.633027522935199,-0.6261682242984802,0.11675529804971234,-0.4520548,-0.28688523,1.2643781454739942,0.3773584905653257,0.5541401273881821,Burned
-0.8333333333298611,-0.8823529411738754,1.0,-0.96666664,0.10344828,0.0,0.016949152542358518,1.230769230764497,Burned
0.42666666666638225,0.6984126984121442,0.3393017009520825,-0.19850187,-0.6082474,2.0271002704135994,0.6687499999995821,0.24358974358943128,Burned
0.7164179104474939,0.9008264462806196,0.1054043444061051,0.26373628,-0.27272728,1.2356468951719786,1.7164179104464805,0.5714285714258504,Burned
0.6147540983604038,0.6624472573836868,0.629857602127525,0.5038168,-0.09090909,4.403325884392075,3.030769230764568,0.8333333333315972,Burned
-0.19999999999988574,0.15702479338829997,-0.34731106365685277,-0.15662651,0.02,0.48443819221903917,0.7291666666659071,1.040816326528488,Burned
-0.5576923076917715,-0.4457831325295834,-0.19466385818893647,-0.2923077,-0.5488722,0.6741110785615806,0.5476190476177437,0.29126213592218875,Burned
-0.6363636363628099,-0.666666666665873,-0.03448275862330553,-0.03448276,-0.125,0.9333333334637779,0.9333333333271111,0.7777777777769136,Burned
-0.2045454545452221,-0.18604651162769065,-1.0,-0.66346157,0.45714286,0.0,0.20231213872820678,2.6842105263016625,Burned
-0.15428571428562612,0.08823529411758219,-1.0,-0.12941177,-0.43891403,0.0,0.7708333333325303,0.38993710691799377,Burned
-0.6697247706415874,-0.6999999999994166,0.26928281463860193,-0.53846157,-0.16049382,1.7370370374674962,0.2999999999995,0.723404255318636,Burned
0.09615384615379993,0.09090909090904742,-1.0,0.08571429,-0.11214953,0.0,1.187499999998763,0.7983193277304216,Burned
0.6223776223771872,0.7185185185179863,1.0,0.08411215,-0.7764706,0.0,1.1836734693865472,0.1258278145694531,Burned
-0.26470588235274656,-0.34640522875794355,-0.2804537846670718,0.5625,0.27160493,0.5619462600770384,3.5714285714030614,1.7457627118614478,Burned
-0.003636363636362314,-0.010830324909743384,-1.0,0.07874016,0.3207547,0.0,1.17094017093917,1.9444444444417437,Burned
-0.3606557377046224,-0.4045801526714469,-1.0,0.083333336,0.97849464,0.0,1.1818181818146005,10.0,Burned
-0.02941176470586073,0.0559999999999552,-0.6423357662181874,0.0,0.20408164,0.21777777769311957,0.9999999999984848,1.5128205128166337,Burned
0.223880597014814,0.223880597014814,-0.5119391235336935,0.078947365,0.6082474,0.32280458169600634,1.1714285714274557,4.1052631578731305,Burned
0.1999999999998261,0.14049586776847892,-0.32746010630459665,-0.048275862,0.094736844,0.5066366138919414,0.9078947368409106,1.2093023255785829,Burned
0.3110539845757555,0.5088757396448199,0.5703224314389684,0.7,0.41880342,3.6546530366472636,5.6666666666540735,2.441176470581055,Burned
-0.06666666666663248,-0.089999999999955,-0.14285714292508844,0.15923567,0.12953368,0.750000000625125,1.3787878787857897,1.297619047617503,Burned
-0.06586826347301446,0.418181818181438,0.3832823648703228,0.054054055,-0.2,2.242975205408382,1.1142857142841225,0.6666666666652777,Burned
-0.9038461538452848,-0.8979591836725531,1.0,-0.8795181,0.80582523,0.0,0.06410256410248191,9.299999999907,Burned
0.5094339622631897,0.1594202898548414,-0.022222222215784713,-0.3548387,-0.3483146,0.9565217385557996,0.4761904761899093,0.48333333333252776,Burned
0.10666666666659556,0.2868217054261343,-1.0,0.4954955,-0.38255033,0.0,2.9642857142751278,0.4466019417471392,Burned
0.3928571428564413,0.054054054053981004,-1.0,1.0,-0.16666667,0.0,10.0,0.7142857142842566,Burned
-0.9999999999983333,-0.9999999999970588,1.0,-1.0,0.0625,0.0,0.0,1.1333333333295557,Burned
-0.16981132075455677,-0.19266055045853883,0.0745754933661356,-0.35766423,-0.33333334,1.161170345355879,0.47311827956938374,0.4999999999996154,Burned
0.2647058823525519,0.0117647058823391,-1.0,-0.044444446,-0.4437086,0.0,0.91489361701933,0.38532110091707766,Burned
-0.31707317073132063,-0.43999999999955997,0.2514970060235962,-0.3846154,-0.2,1.6720000006346656,0.444444444443739,0.6666666666660493,Burned
0.5652173913035287,-0.06086956521733837,-1.0,-0.47572815,0.07017544,0.0,0.35526315789450313,1.1509433962242435,Burned
0.37226277372235606,0.579831932772622,1.0,0.45736435,-0.44444445,0.0,2.685714285706612,0.3846153846147929,Burned
-0.44736842105204294,-0.5483870967736039,0.374943362076567,-0.7290323,-0.5118644,2.199710040750124,0.15671641791033084,0.3228699551568059,Burned
0.6639999999994688,0.8571428571420918,0.7841869715741688,-0.2267658,-0.8873239,8.26728109801224,0.6303030303026483,0.059701492537268884,Burned
0.4586466165410086,0.6581196581190956,0.6857162043308113,-0.30714285,-0.75460124,5.3636752093008795,0.5300546448084535,0.13986013986004206,Burned
0.5159235668786524,0.2864864864863316,-0.44044869675668885,-0.07751938,0.51724136,0.38845625281039325,0.8561151079130532,3.142857142842177,Burned
0.37878787878759185,0.3188405797099139,1.0,0.4796748,0.056179777,0.0,2.8437499999911133,1.1190476190449545,Burned
0.32450331125806325,0.1904761904760771,0.41395348821847483,0.0989011,-0.014492754,2.4126984096424793,1.219512195120464,0.9714285714271836,Burned
-0.35922330097069943,-0.44303797468335737,1.0,-0.20958084,0.6056338,0.0,0.6534653465340065,4.071428571418878,Burned
-0.99999999999,-0.9999999999944446,1.0,-1.0,-0.36842105,0.0,0.0,0.46153846153727807,Burned
0.3766233766228875,0.2045454545452221,-1.0,0.35897437,-0.4890511,0.0,2.1199999999915202,0.3431372549016244,Burned
0.9999999999,-0.749999999990625,0.35864978905684575,-0.9622642,-0.87931037,2.118421053204776,0.019230769230732248,0.06422018348617961,Burned
-0.3819742489268747,-0.41935483870950835,-1.0,0.17073171,0.79591835,0.0,1.4117647058795848,8.799999999956,Burned
0.1450381679388206,0.0791366906474251,-0.6077108432226701,0.20967741,0.43820226,0.24400479608798897,1.5306122448948354,2.5599999999897602,Burned
-0.08411214953263167,-0.26315789473664425,1.0,0.11363637,0.57009345,0.0,1.2564102564070347,3.6521739130275996,Burned
0.06493506493498061,0.9069767441839373,1.0,0.078947365,-0.92727274,0.0,1.1714285714252244,0.03773584905653257,Burned
-0.3374999999997891,-0.2428571428569694,-1.0,-0.20300752,0.74,0.0,0.6624999999991719,6.692307692256213,Burned
-0.42424242424178144,-0.44117647058758647,-1.0,-0.7121212,0.92156863,0.0,0.16814159292020517,10.0,Burned
-0.27272727272704733,-0.21428571428552295,-1.0,-0.5849057,0.32038835,0.0,0.26190476190460604,1.9428571428515917,Burned
-0.4320987654315653,-0.3235294117642301,1.0,-0.34285715,0.26760563,0.0,0.48936170212661834,1.7307692307625742,Burned
-0.8198198198190813,-0.8198198198190813,1.0,-0.86206895,0.1160221,0.0,0.07407407407401921,1.2624999999984219,Burned
-0.9999999999990384,-0.9999999999987952,0.5714285714731967,-1.0,-0.31967214,3.6666666680081423,0.0,0.5155279503102388,Burned
-0.4967741935480666,-0.15217391304331285,-1.0,-0.3809524,0.01923077,0.0,0.44827586206845027,1.0392156862724722,Burned
0.38709677419292404,0.07499999999990625,-1.0,-0.4556962,-0.5819209,0.0,0.37391304347793575,0.26428571428552555,Burned
0.5501519756837234,0.5407854984892626,-1.0,0.9391635,0.10948905,0.0,10.0,1.2459016393422198,Burned
-0.30994152046765505,-0.29341317365251895,-1.0,-0.46846846,0.2781065,0.0,0.36196319018382705,1.770491803275786,Burned
0.08035714285710699,0.1921182266008906,-0.17847072479194126,-0.33516484,-0.25454545,0.6971147076990328,0.49794238683107084,0.5942028985502941,Burned
-0.19718309859150301,-0.19718309859150301,0.14400535838097542,0.5336323,0.5692308,1.3364632246937744,3.2884615384552145,3.6428571428519385,Burned
-0.0044444444444424695,-0.03448275862067479,-1.0,0.032258064,0.5483871,0.0,1.0666666666656508,3.4285714285616327,Burned
-0.8699186991862846,-0.8709677419347814,1.0,-0.8117647,0.4591195,0.0,0.10389610389596897,2.6976744185983774,Burned
-0.8241758241753714,-0.8545454545450661,0.41638370122335644,-0.17948718,0.61904764,2.4269090916006486,0.695652173910019,4.249999999991146,Burned
0.12121212121193756,0.15624999999975586,1.0,-0.34513274,-0.5,0.0,0.4868421052625173,0.3333333333329218,Burned
0.46099290780109153,0.26380368098143325,0.10962516479128767,-0.23420075,-0.2857143,1.2462449750826203,0.6204819277104696,0.5555555555550411,Burned
0.023255813953434287,-0.13725490196051518,-1.0,-0.75141245,-0.17142858,0.0,0.14193548387087618,0.7073170731690065,Burned
0.699999999999125,0.38775510204042063,1.0,0.30769232,-0.3548387,0.0,1.888888888883642,0.4761904761897203,Burned
0.45762711864329214,0.11688311688296509,0.4839142088079137,-0.19626169,-0.26881722,2.8753246682499802,0.6718749999989502,0.5762711864397012,Burned
-0.018181818181801652,-0.06086956521733837,-1.0,-0.084745765,0.6712329,0.0,0.8437499999986816,5.083333333290972,Burned
-0.36363636363615703,-0.4536585365851446,1.0,-0.35260117,0.25210086,0.0,0.47863247863206954,1.6741573033689054,Burned
0.999999999999187,0.999999999999187,1.0,0.315508,-1.0,0.0,1.921874999996997,0.0,Burned
0.6111111111106868,0.6811594202893615,0.6671396139932945,0.24064171,-0.42105263,5.008525145507749,1.6338028168991072,0.40740740740665293,Burned
-0.43884892086299365,-0.44680851063798105,-1.0,-0.20408164,0.6585366,0.0,0.661016949151422,4.857142857119729,Burned
0.9999999999993789,0.6947368421048975,0.40513462738564426,0.4185022,-0.10769231,2.3621052623558514,2.4393939393902433,0.8055555555533178,Burned
-0.2558139534880746,-0.2289156626503266,-1.0,-0.45299146,0.275,0.0,0.3764705882348512,1.7586206896491083,Burned
-0.6050955414008885,-0.48333333333293055,1.0,-0.36734694,0.52136755,0.0,0.4626865671634885,3.1785714285600766,Burned
-0.4444444444436214,-0.2857142857136054,1.0,-0.5,-0.15625,0.0,0.3333333333325926,0.7297297297277574,Burned
-0.45945945945821765,-0.09090909090867769,-0.5539033458622882,-0.84962404,-0.90361446,0.28708133980235073,0.08130081300806398,0.050632911392383705,Burned
0.14606741573017296,0.12087912087898804,1.0,-0.62081784,-0.69924814,0.0,0.23394495412833308,0.17699115044239958,Burned
-0.3793103448269322,-0.12195121951189768,-1.0,-0.8681319,-0.6515151,0.0,0.07058823529408997,0.21100917431173302,Burned
-0.7525773195873703,-0.7525773195873703,1.0,-0.7525773,0.41274238,0.0,0.14117647058817995,2.405660377356221,Burned
-0.15178571428564652,-0.0206185567010203,-1.0,-0.45714286,-0.03883495,0.0,0.37254901960769704,0.9252336448589483,Burned
0.36567164179090833,0.41312741312725365,1.0,0.37593985,-0.22051282,0.0,2.204819277105777,0.6386554621843372,Burned
0.024390243902424155,0.25373134328339275,0.43459915599514837,-0.22222222,-0.36708862,2.537313430297671,0.6363636363631543,0.4629629629625343,Burned
0.33962264150911353,0.19327731092420733,1.0,-0.28282827,-0.5,0.0,0.559055118109796,0.3333333333331019,Burned
-0.5294117647056429,-0.6030534351142737,0.9470707072236193,-0.071428575,0.5441176,10.0,0.8666666666652222,3.3870967741880853,Burned
-0.21081081081069689,0.0,-0.9999999995489796,-0.29807693,-0.08176101,0.0,0.5407407407403403,0.8488372093013385,Burned
-0.1733333333332178,-0.12056737588643933,-1.0,-0.2662722,0.060402684,0.0,0.5794392523359071,1.1285714285698163,Burned
0.4736842105250692,0.4736842105250692,0.07120085015048915,-0.47663552,-0.53488374,1.1533180775203904,0.3544303797463868,0.3030303030293847,Burned
-0.24999999999895836,-0.3333333333320988,-1.0,-0.8269231,-0.44615385,0.0,0.09473684210516344,0.38297872340344047,Burned
-0.49999999999886363,-0.49999999999886363,1.0,-0.6615385,-0.16455697,0.0,0.20370370370332647,0.7173913043462665,Burned
-0.6923076923059172,-0.7333333333317037,1.0,-0.85882354,0.4716981,0.0,0.07594936708851145,2.7857142856943877,Burned
0.05172413793098989,-0.04687499999996338,-1.0,0.28421053,0.71794873,0.0,1.7941176470535467,6.090909090853719,Burned
0.4827586206888228,-0.04444444444439506,-0.8709677420619145,0.45762712,-0.2231405,0.06896551725208086,2.687499999983203,0.6351351351342768,Burned
0.30864197530826093,0.6060606060596878,-0.12729086147989196,-0.49282297,-0.1875,0.7741650076420297,0.339743589743372,0.6842105263121885,Burned
0.2666666666665556,0.2666666666665556,-1.0,0.75722545,0.1,0.0,7.2380952380607715,1.2222222222205246,Burned
0.07865168539321425,0.5737704918028084,1.0,0.46564886,-0.42857143,0.0,2.742857142849306,0.3999999999993846,Burned
-0.6781609195394503,-0.4285714285705539,0.726829268438831,-0.5942029,-0.2857143,6.321428580745134,0.2545454545449917,0.5555555555546737,Burned
0.5303643724694209,0.7339449541281038,-1.0,0.90909094,-0.36263737,0.0,10.0,0.46774193548311654,Burned
-0.5267857142854792,-0.5330396475768577,0.8557945368583143,-0.20895523,0.32824427,10.0,0.6543209876535132,1.9772727272704804,Burned
0.014492753623181405,-0.16996047430823322,1.0,0.4,0.5416667,0.0,2.333333333328148,3.3636363636287188,Burned
-0.48214285714242666,-0.5084745762707555,1.0,-0.6352201,0.09876543,0.0,0.2230769230767515,1.2191780821901106,Burned
-0.5348837209296106,-0.2727272727267768,1.0,-0.57894737,-0.24731183,0.0,0.2666666666663111,0.6034482758610286,Burned
-0.400843881856371,-0.3333333333331769,1.0,-0.5644172,-0.22191781,0.0,0.2784313725489104,0.636771300448145,Burned
-0.3107344632766606,-0.24223602484457005,1.0,-0.613924,-0.43661973,0.0,0.239215686274416,0.39215686274494427,Burned
-0.3944954128436748,-0.07042253521116841,0.15476190488835517,-0.472,-0.45714286,1.366197185747794,0.35869565217352317,0.3725490196074779,Burned
0.1428571428570228,0.4623655913973523,0.6760656824117043,-0.30612245,-0.6212121,5.174091136039661,0.531249999999585,0.23364485981286576,Burned
-0.11377245508975224,0.02777777777775849,-1.0,0.2982456,0.1764706,0.0,1.849999999995375,1.4285714285685132,Burned
0.23954372623565037,0.3415637860080899,0.5795847749525296,0.23018868,-0.030303031,3.7572016419580763,1.5980392156847079,0.9411764705871281,Burned
0.29069767441843564,0.2758620689653587,-1.0,0.620438,0.09565217,0.0,4.269230769214349,1.2115384615361315,Burned
-0.2467532467529263,-0.07936507936495339,-0.48453608263191017,-0.30120483,-0.43333334,0.3472222223738288,0.5370370370360426,0.3953488372088426,Burned
-0.9999999999973683,-0.9999999999968749,0.3380281690357812,-1.0,-0.37864077,2.0212765961490478,0.0,0.45070422535147786,Burned
0.0,-0.9999999999888889,0.7213114754693654,-1.0,-0.86259544,6.176470591984487,0.0,0.07377049180321822,Burned
-0.24137931034399526,-0.6271186440667337,1.0,-0.721519,-0.094339624,0.0,0.16176470588211506,0.8275862068951249,Burned
0.6065573770481859,0.661016949151422,0.16177818513694442,0.010309278,-0.25925925,1.3860032801903066,1.0208333333312065,0.588235294114187,Burned
-0.2727272727267768,0.2903225806442248,0.16964285710748872,-0.5959596,-0.6507937,1.4086021498507328,0.25316455696170487,0.21153846153805472,Burned
0.11428571428555102,0.0,-1.0,0.95,-0.22,0.0,10.0,0.6393442622940338,Burned
-0.1428571428568513,0.749999999996875,0.9679999998728863,-0.59615386,-0.9285714,10.0,0.25301204819246625,0.037037037036991315,Burned
0.2566371681413658,0.08396946564879088,-0.8183983572010738,-0.4453125,0.57894737,0.09986900942844967,0.38378378378357636,3.7499999999765627,Burned
0.4426229508193093,0.4426229508193093,-1.0,0.6296296,-0.40869564,0.0,4.399999999978,0.41975308641923487,Burned
0.05172413793101219,0.24489795918354854,1.0,0.19607843,-0.05732484,0.0,1.4878048780469662,0.8915662650591668,Burned
0.09704641350206876,0.05691056910566793,0.9999999982428571,0.30653265,0.25405404,10.0,1.8840579710117622,1.6811594202874185,Burned
0.06818181818177944,0.03296703296701486,-1.0,0.553719,0.023255814,0.0,3.4814814814685873,1.0476190476178004,Burned
-0.07216494845357105,0.0,-0.9999999986272728,0.05263158,0.125,0.0,1.1111111111097394,1.285714285712449,Burned
0.4736842105256925,0.7499999999988282,0.4999999999497489,-0.11111111,-0.68,2.9999999987979913,0.7999999999988571,0.19047619047573694,Burned
-0.06666666666661729,-0.09352517985604783,-0.23453947378026638,-0.09352518,-0.15083799,0.620037303901503,0.8289473684199619,0.7378640776691865,Burned
0.41700404858282714,0.37795275590536304,0.488999935006547,0.12903225,-0.13661203,2.913893825541209,1.2962962962953362,0.7596153846146542,Burned
-0.07627118644064565,-0.1349206349205814,1.0,-0.009090909,0.14859438,0.0,0.9819819819810973,1.3490566037723122,Burned
-0.5393939393936126,-0.3613445378148224,-1.0,-0.74061435,0.11724138,0.0,0.14901960784307883,1.2656249999980225,Burned
-0.4459459459456447,-0.4305555555552566,1.0,-0.722973,-0.037383176,0.0,0.16078431372542715,0.9279279279270919,Burned
-0.46666666666511114,-0.23809523809410432,0.6834170856675994,-0.84615386,-0.779661,5.317460329313303,0.08333333333324652,0.1238095238094059,Burned
0.4049586776858389,0.41666666666655094,1.0,0.53614455,0.055276383,0.0,3.311688311684011,1.1170212765945564,Burned
-0.05982905982900869,-0.16666666666654043,1.0,-0.09836066,0.08450704,0.0,0.8208955223868345,1.184615384613562,Burned
-0.7821782178210077,-0.8086956521732098,1.0,-0.80701756,0.45454547,0.0,0.10679611650475068,2.666666666659829,Burned
-0.29824561403491334,0.016949152542358518,-0.8899721445578841,0.08108108,0.3488372,0.05821665436470027,1.1764705882329873,2.0714285714211735,Burned
-0.607142857141773,-0.7349397590352591,0.7153635117431959,-0.6615385,0.021276595,6.026506029035759,0.20370370370332647,1.0434782608680528,Burned
0.4999999999986111,0.22727272727221073,-1.0,0.2,-0.72131145,0.0,1.4999999999916669,0.1619047619046077,Burned
-0.9999999999967742,-0.9999999999956523,0.5966386555085852,-1.0,-0.6760563,3.958333334885047,0.0,0.19327731092420733,Burned
-0.99999999999,-0.999999999990909,1.0,-1.0,-0.5686275,0.0,0.0,0.27499999999931246,Burned
0.011494252873550007,0.20547945205451304,0.07594936706950411,0.375,0.3488372,1.164383560985848,2.199999999989,2.0714285714137755,Burned
0.2173913043473535,0.33333333333253967,1.0,-0.54471546,-0.76859504,0.0,0.2947368421049529,0.13084112149520483,Burned
0.3473684210522659,0.6202531645561769,-1.0,0.85507244,-0.2682927,0.0,10.0,0.576923076920858,Burned
0.10526315789459834,0.09090909090897284,-0.7380952379890248,-0.39568347,0.18644068,0.1506849314818016,0.4329896907212031,1.458333333327257,Burned
0.668965517240918,0.4846625766868193,-0.07517233182078635,-0.12,-0.011764706,0.860166915228888,0.7857142857137756,0.9767441860442401,Burned
0.0,-0.06896551724131986,-0.7469879519439161,0.6615385,0.33333334,0.1448275862375303,4.909090909046281,1.9999999999935485,Burned
0.5024875621888047,0.5408163265303364,0.3547637489874317,0.2905983,-0.04255319,2.099639855127742,1.819277108431543,0.9183673469369013,Burned
-0.037499999999976566,0.006535947712414029,-1.0,0.29411766,-0.37190083,0.0,1.833333333328968,0.45783132530092907,Burned
-0.07142857142853955,-0.028037383177556992,-1.0,-0.24909747,0.0091743115,0.0,0.6011560693638144,1.0185185185175754,Burned
-0.5441860465113748,-0.5219512195119406,1.0,-0.46153846,0.3,0.0,0.368421052631302,1.8571428571406463,Burned
-0.452736318407735,-0.308176100628737,1.0,-0.2361111,0.12432432,0.0,0.6179775280891933,1.2839506172823654,Burned
-0.37391304347793575,0.028571428571387756,-1.0,-0.4965035,-0.6091954,0.0,0.3364485981305267,0.2428571428569694,Burned
-0.2373540856030205,-0.2032520325202426,1.0,-0.06666667,0.16078432,0.0,0.8749999999992187,1.3831775700921651,Burned
0.033557046979843255,-0.15846994535510467,-0.387883772004786,0.01986755,-0.19391635,0.441042860087146,1.0405405405391344,0.6751592356683598,Burned
0.23880597014916463,0.26235741444856947,-1.0,0.38333333,-0.3956386,0.0,2.2432432432402116,0.433035714285521,Burned
0.23999999999988,0.4674556213014986,-1.0,0.57961786,-0.6603774,0.0,3.757575757564371,0.20454545454536158,Burned
-0.508571428571138,-0.502890173410114,-1.0,-0.5520833,0.6993464,0.0,0.288590604026652,5.652173913018904,Burned
0.22641509433951584,0.14035087719292091,-1.0,0.420765,-0.039215688,0.0,2.4528301886746173,0.9245283018859203,Burned
-0.04964539007088678,-0.12418300653586656,1.0,-0.43933055,-0.2521739,0.0,0.3895348837207038,0.5972222222218075,Burned
0.43939393939360655,0.8095238095230385,1.0,0.5833333,-0.86206895,0.0,3.7999999999848004,0.07407407407401921,Burned
-0.2631578947354571,-0.5333333333315556,0.011576135351872024,-0.41666666,-0.4025974,1.0234234236178403,0.41176470587993086,0.42592592592513717,Burned
0.535714285713329,0.2647058823525519,-0.1822770611048819,-0.13131313,0.0,0.6916508537090581,0.7678571428557717,0.9999999999960001,Burned
-0.4583333333328559,-0.4583333333328559,-1.0,-0.30666667,0.7721519,0.0,0.5306122448968763,7.777777777691358,Burned
0.9999999999984375,0.5609756097554134,1.0,-0.022900764,-0.7096774,0.0,0.9552238805955892,0.16981132075455677,Burned
-0.03999999999996,0.2467532467529263,-0.585705632900072,0.15662651,0.93333334,0.26126814359380757,1.371428571424653,10.0,Burned
0.20661157024776314,0.31531531531503126,0.5770006723505328,-0.1978022,-0.41538462,3.728139900201012,0.6697247706415874,0.4130434782604206,Burned
0.6216216216199415,-0.07692307692295858,-0.7452326469581627,-0.44954127,-0.7586207,0.14597902100654292,0.3797468354425573,0.1372549019607305,Burned
0.4685314685311409,0.7073170731701567,0.13342779547849073,-0.41666666,-0.61702126,1.3079438613189924,0.4117647058821915,0.23684210526284624,Burned
0.746031746031154,0.4765100671137742,0.6530849824244553,-0.2,-0.55172414,4.76510066637423,0.6666666666662627,0.2888888888886749,Burned
-0.13725490196064974,0.047619047618990926,-0.5334685595766747,-0.50282484,-0.4160584,0.3042328040382033,0.3308270676689242,0.41237113402019343,Burned
-0.13725490196064974,0.12820512820496383,-1.0,1.0,-0.6091954,0.0,10.0,0.2428571428569694,Burned
-0.31386861313845704,-0.3472222222219811,-0.14841849150253064,-0.1754386,-0.31205675,0.7415254238869525,0.7014925373123858,0.524324324324041,Burned
0.004784688995213022,0.08808290155435851,-0.5017816884626563,-0.41666666,-0.2542373,0.33175148890696915,0.4117647058821915,0.5945945945941928,Burned
-0.3575757575755409,-0.26388888888870565,-0.4352159468904701,0.30864197,-0.21888413,0.3935185185771593,1.8928571428503829,0.6408450704220839,Burned
0.45192307692285966,0.7257142857138711,1.0,0.61497325,-0.75634515,0.0,4.194444444432793,0.1387283236993418,Burned
0.6111111111105453,0.11538461538454142,-0.5177033491742248,-0.44936708,-0.2159091,0.317780579988033,0.37991266375529265,0.6448598130835095,Burned
-0.42076502732217447,-0.15873015873003274,1.0,-0.65584415,-0.50508475,0.0,0.20784313725482045,0.32882882882868075,Burned
0.49999999999953704,0.19999999999985188,-1.0,-0.14285715,-0.65048546,0.0,0.7499999999993056,0.2117647058822699,Burned
0.4227642276421046,0.31086142322085736,-0.10131477183366056,0.20274915,0.2777778,0.8160112357410333,1.5086206896538719,1.7692307692273668,Burned
0.7714285714263673,0.0,-0.9999999998288889,-0.32608697,0.31914893,0.0,0.5081967213106423,1.9374999999878908,Burned
0.7058823529406575,0.6111111111106868,1.0,0.4409938,-0.53333336,0.0,2.577777777772049,0.3043478260866257,Burned
0.0,0.11297071129702387,-1.0,0.63190186,0.24705882,0.0,4.433333333318556,1.656249999997412,Burned
-0.11111111111093475,-0.31707317073132063,-1.0,-0.6923077,1.0,0.0,0.18181818181806378,10.0,Burned
-0.9583333333313367,-0.8666666666608889,-1.0,-0.9872612,0.12,0.0,0.006410256410252301,1.2727272727157024,Burned
-0.9999999999965518,-0.9999999999857143,1.0,-1.0,-0.7407407,0.0,0.0,0.14893617021244906,Burned
-0.16814159292020517,0.9999999999978723,0.568807339404402,-0.3974359,-1.0,3.6382978710110905,0.4311926605500631,0.0,Burned
0.2842105263154903,0.4523809523804138,0.5313081214226341,-0.096296296,-0.4177215,3.267195764834749,0.8243243243232103,0.4107142857135523,Burned
-0.43396226415012457,-0.5081967213106423,0.2687060769245265,-0.4,-0.16363636,1.7348784629993002,0.4285714285702041,0.7187499999988769,Burned
-0.9999999999981818,-0.9999999999976744,1.0,-1.0,0.011764706,0.0,0.0,1.0238095238070861,Burned
0.4534883720927596,0.8248175182475732,1.0,0.20772947,-0.8961039,0.0,1.52439024390058,0.05479452054792019,Burned
-0.07894736842094875,-0.13580246913563482,-0.28778801850904745,-0.5035461,-0.58371043,0.553050635400981,0.33018867924497153,0.2628571428569927,Burned
0.6283185840702404,0.999999999998913,1.0,-0.036649216,-1.0,0.0,0.9292929292919906,0.0,Burned
-0.12264150943390442,-0.2559999999998976,-1.0,-0.34042552,0.37719297,0.0,0.49206349206323174,2.211267605630688,Burned
-0.1320754716979886,0.02222222222219753,-1.0,-0.17117117,-0.5829384,0.0,0.7076923076912189,0.26347305389205783,Burned
0.44067796610157045,0.5088757396448199,1.0,0.47398844,-0.1573604,0.0,2.8021978021947227,0.7280701754379578,Burned
0.16666666666660054,0.23012552301245603,0.37790792245062704,-0.26865673,-0.3846154,2.2149581568634717,0.576470588235068,0.44444444444422976,Burned
0.14606741573030427,0.21428571428566326,-1.0,0.44475922,-0.175,0.0,2.6020408163238753,0.7021276595741693,Burned
-0.06569343065691033,-0.13804713804709157,-1.0,0.003921569,0.47598255,0.0,1.007874015747238,2.816666666661972,Burned
0.6494845360822511,0.4860681114549579,0.10053773764944182,-0.030303031,-0.13989638,1.2235507630099904,0.9411764705878662,0.7545454545447686,Burned
0.16455696202510814,0.33333333333285026,0.5966386553189952,-0.38255033,-0.58181816,3.958333328629159,0.4466019417471392,0.26436781609165017,Burned
0.6046511627903461,0.4010152284261924,0.35142986244153357,-0.067567565,-0.28915662,2.08370657799535,0.8734177215184347,0.5514018691583632,Burned
-0.3157894736839335,-0.3709677419351847,-1.0,-0.4090909,0.46551725,0.0,0.4193548387092265,2.741935483862123,Burned
0.4883720930230287,0.3445378151259057,0.7427953888614108,0.6753927,0.4716981,6.77591035082834,5.161290322563996,2.785714285704337,Burned
-0.59999999999952,-0.6598639455777825,1.0,-0.2753623,0.83458644,0.0,0.5681818181805268,10.0,Burned
-0.3090909090903471,-0.6833333333327639,1.0,-0.6082474,0.20958084,0.0,0.24358974358943128,1.5303030303007117,Burned
-0.2812499999995605,0.9999999999956523,0.14371257484020847,-0.75789475,-1.0,1.3356643354808277,0.13772455089812113,0.0,Burned
0.405940594059004,0.595505617976859,1.0,0.5106383,-0.37931034,0.0,3.086956521725709,0.44999999999887497,Burned
-0.11475409836046761,0.42105263157783934,-0.18222222220474768,-0.15625,0.1,0.6917293231943128,0.7297297297277574,1.222222222208642,Burned
-0.20833333333311632,-0.06172839506165219,-1.0,-0.14606741,0.53571427,0.0,0.7450980392142252,3.307692307666864,Burned
-0.1470588235291955,0.9999999999965518,0.1909090908964296,-0.5827338,-1.0,1.4719101121389466,0.26363636363612397,0.0,Burned
0.10144927536217181,0.08571428571416326,-0.2219451370565961,-0.21649484,-0.16883117,0.6367346934042506,0.6440677966090779,0.7111111111095308,Burned
-0.4850746268654907,-0.44578313252994145,1.0,-0.5727554,0.21621622,0.0,0.27165354330697966,1.5517241379296967,Burned
0.3144329896906406,0.43258426966279984,0.11509780610214582,0.1724138,0.06878307,1.260136785172847,1.4166666666658798,1.1477272727259684,Burned
-0.4310344827584968,-0.4227405247812179,1.0,-0.44067797,0.014553014,0.0,0.38823529411749486,1.0295358649784685,Burned
-0.05128205128203485,-0.0543130990415162,-1.0,-0.26550868,0.32,0.0,0.5803921568625175,1.9411764705859516,Burned
0.19753086419740895,0.0,-1.0,0.29333332,-0.3423729,0.0,1.8301886792418298,0.48989898989874253,Burned
0.14871794871791058,0.4222222222220882,0.9354375894556248,0.3493976,-0.071428575,10.0,2.0740740740721537,0.8666666666658412,Burned
0.655844155843943,0.6346153846151812,1.0,0.61904764,-0.07317073,0.0,4.249999999992917,0.863636363635055,Burned
-0.554404145077433,-0.43790849673174,-1.0,-0.48192772,0.5714286,0.0,0.34959349593467515,3.6666666666544447,Burned
0.1888111888111448,0.27499999999993124,0.2864222001312641,0.2,0.074074075,1.802777776596117,1.4999999999991178,1.159999999999072,Burned
0.43169398907080236,0.4395604395601981,0.5854214121951158,0.1491228,-0.203125,3.824175820848888,1.3505154639161334,0.6623376623368021,Burned
-0.28251121076220514,-0.06976744186042456,1.0,-0.5107034,-0.44578314,0.0,0.32388663967598225,0.38333333333317365,Burned
-0.12911392405060024,-0.1224489795918055,1.0,-0.044444446,0.19891009,0.0,0.91489361702079,1.4965986394547643,Burned
0.576086956521426,0.5263157894734073,0.8004501123912011,0.066176474,-0.43037975,9.022556375509215,1.1417322834636678,0.3982300884952228,Burned
0.18562874251485892,0.3199999999997867,0.26804644113819504,0.03125,-0.11304348,1.7324137921655036,1.0645161290311134,0.7968749999987549,Burned
0.3491124260352964,0.3987730061347247,-0.18631732166922682,0.25274727,0.46268657,0.6858895704345511,1.6764705882328286,2.722222222207099,Burned
-0.09589041095883843,-0.22352941176457441,0.08385909570901642,-0.14285715,-0.10729614,1.183070301917259,0.7499999999991477,0.806201550386972,Burned
0.2255639097743513,0.3813559322032283,0.11559527239682964,0.7068063,0.65909094,1.2614080830271461,5.821428571407781,4.866666666634222,Burned
-0.7297297297287436,-0.35483870967627473,-1.0,-0.89071035,-0.35384616,0.0,0.05780346820805908,0.47727272727164255,Burned
0.9999999999937501,-0.38461538461464495,-1.0,-0.7777778,0.44,0.0,0.12499999999990236,2.571428571410204,Burned
-0.6470588235275087,-0.7894736842091412,0.9354838710823458,-0.85,-0.20930232,10.0,0.0810810810809715,0.6538461538453155,Burned
0.9999999999977273,0.3968253968247669,1.0,0.0,-0.6082474,0.0,0.9999999999977273,0.24358974358943128,Burned
0.19402985074597906,-0.047619047618990926,-1.0,-0.3495935,0.8333333,0.0,0.48192771084279284,10.0,Burned
0.6979591836731845,0.8165938864625255,1.0,0.8654708,-0.41666666,0.0,10.0,0.41176470588154557,Burned
-0.3617021276594462,-0.279999999999888,1.0,-0.47826087,-0.22891566,0.0,0.35294117647044987,0.6274509803919108,Burned
0.0775193798449312,0.2636363636362438,-0.275339358331875,-0.29262087,-0.06896552,0.5682100506961868,0.5472440944879735,0.8709677419345473,Burned
0.3525179856112572,0.27891156462566064,0.07942999551128305,-0.46131805,-0.4952381,1.172566985484595,0.36862745098024763,0.3375796178341799,Burned
0.08641975308631306,0.27536231884018064,1.0,-0.5083799,-0.7175141,0.0,0.32592592592568453,0.16447368421041814,Burned
0.11333333333329557,0.20143884892079086,-0.6458557588235383,0.29457363,0.94736844,0.21517331586990746,1.8351648351628185,10.0,Burned
0.5510204081629843,0.43396226415073874,-0.20359752668178194,-0.25307125,0.061946902,0.6616850363271832,0.5960784313723153,1.132075471695977,Burned
-0.43661971830973617,-0.43181818181805914,-0.15131492006229424,0.4814815,0.30569947,0.7371441690884133,2.8571428571346935,1.88059701492397,Burned
0.23376623376615788,0.2837837837836879,-1.0,0.63793105,-0.2689655,0.0,4.523809523798753,0.576086956521426,Burned
0.446366782006766,0.7061224489793037,0.5522140067515995,0.034653466,-0.56363636,3.4664192932886815,1.0717948717943222,0.27906976744164413,Burned
0.0702341137123511,0.18081180811801448,-0.5189389881855828,-0.14893617,0.30588236,0.31670858104307376,0.7407407407403979,1.8813559322002011,Burned
-0.1604938271604443,-0.071672354948781,1.0,0.10121457,0.21235521,0.0,1.2252252252241214,1.5392156862730006,Burned
-0.3189189189187466,0.08620689655164981,-0.35171508275001584,-0.5743243,-0.5069767,0.47960174815445106,0.27038626609430455,0.32716049382695855,Burned
-0.29069767441843564,-0.12857142857133674,-1.0,-0.613924,-0.19796954,0.0,0.239215686274416,0.6694915254231615,Burned
-0.11538461538450444,-0.021276595744658216,-1.0,-0.4888889,-0.3962264,0.0,0.3432835820892961,0.4324324324320428,Burned
0.3786407766988453,0.3523809523807846,-0.0437375745467737,-0.065789476,-0.028571429,0.9161904759522219,0.8765432098760022,0.9444444444431327,Burned
-0.25641025640992765,-0.47272727272684295,-1.0,-0.48672566,0.5,0.0,0.34523809523768423,2.999999999988889,Burned
0.35897435897389873,0.4929577464781789,-1.0,-0.05357143,-0.8153846,0.0,0.8983050847442401,0.10169491525417984,Burned
-0.2499999999998047,-0.10280373831766093,0.6365489135500023,-0.38064516,-0.30994153,4.502803758037885,0.4485981308407022,0.5267857142852439,Burned
-0.3793103448262783,0.12499999999921876,-0.6430317847508911,-0.8548387,-0.6315789,0.2172619047229335,0.07826086956514934,0.22580645161217483,Burned
-0.3761467889904806,-0.18072289156604732,0.29169899157035833,-0.1904762,-0.10909091,1.8236582712810845,0.67999999999864,0.8032786885232733,Burned
0.14438502673789072,0.22285714285701552,-0.0678871090625982,0.28915662,0.32038835,0.8728571425157037,1.8135593220308244,1.9428571428515917,Burned
0.2679738562090628,0.18292682926823692,1.0,0.2012384,0.015151516,0.0,1.5038759689910823,1.030769230768438,Burned
0.317829457364259,0.36729222520097393,-0.03919684887564655,0.0,0.03508772,0.9245631873423837,0.9999999999996079,1.0727272727262975,Burned
-0.5692307692305941,-0.5692307692305941,1.0,-0.5692308,0.33858266,0.0,0.274509803921461,2.0238095238079175,Burned
-0.18256130790185762,-0.12536443148684392,-1.0,-0.25925925,0.034852546,0.0,0.5882352941174164,1.0722222222216267,Burned
0.5361445783130916,0.4697406340056283,0.1826062376100915,0.0,-0.17117117,1.4468011522920963,0.9999999999996079,0.7076923076917634,Burned
0.26717557251901597,0.3833333333332269,0.7276104001662084,0.12669684,-0.21276596,6.342424231930394,1.2901554404138393,0.6491228070171643,Burned
-0.2508361204012539,-0.2354948805459947,0.13097096475209033,0.13131313,0.18688525,1.3014190774213747,1.3023255813938346,1.4596774193536615,Burned
-0.1257485029939367,0.035460992907776274,-1.0,0.02097902,-0.30612245,0.0,1.042857142855653,0.531249999999585,Burned
-0.10344827586202933,-0.17021276595738646,-0.7090909091511143,1.0,0.52073735,0.1702127659747351,10.0,3.1730769230708207,Burned
-0.26213592232984256,0.16923076923050887,-1.0,-0.17391305,-0.71727747,0.0,0.7037037037024005,0.16463414634136303,Burned
0.41666666666655094,0.5740740740738969,0.7285191955027778,0.31443298,-0.23333333,6.3670033599424265,1.9172932330812653,0.6216216216210616,Burned
-0.04347826086954159,0.1139240506328393,1.0,-0.0974359,-0.27083334,0.0,0.8224299065412874,0.5737704918028084,Burned
0.4384236453199811,0.5368421052628753,0.6993670884969112,0.19672132,-0.296,5.652631572995662,1.4897959183658267,0.5432098765425393,Burned
-0.10502283105018036,-0.02487562189053489,-0.7503110009097371,-0.08411215,-0.23134328,0.14265407663778307,0.8448275862061683,0.624242424242046,Burned
-0.10891089108900108,-0.05263157894731302,-0.7444168736300054,-0.1891892,-0.47368422,0.14651493602932367,0.6818181818171487,0.3571428571426021,Burned
-0.4838709677414152,-0.5428571428566259,0.9851945856285242,-0.67346936,-0.20975609,10.0,0.19512195121935355,0.6532258064510861,Burned
-0.14285714285695733,0.08196721311461973,-1.0,0.17857143,-0.5912409,0.0,1.4347826086894142,0.25688073394471844,Burned
0.08148148148142113,0.3773584905656817,0.24619031489312657,-0.21505377,-0.3653846,1.6531895769929639,0.6460176991144725,0.46478873239371155,Burned
-0.6222222222215309,-0.6136363636356663,1.0,-0.66,-0.077922076,0.0,0.20481927710818695,0.8554216867459573,Burned
-0.17647058823477507,-0.22222222222160493,-1.0,-0.6923077,-0.13725491,0.0,0.18181818181794568,0.7586206896525566,Burned
0.31428571428481633,-0.11538461538439349,-1.0,-0.5619048,-0.09375,0.0,0.2804878048777067,0.8285714285690612,Burned
0.6811594202888679,0.8412698412685059,1.0,0.20833333,-0.8039216,0.0,1.5263157894696675,0.10869565217367674,Burned
0.13772455089812113,0.3571428571426021,-1.0,0.21019109,-0.54545456,0.0,1.5322580645136576,0.2941176470586313,Burned
-0.1322751322750623,-0.08888888888883952,-1.0,-0.06285714,0.24840765,0.0,0.8817204301065787,1.661016949149727,Burned
0.43258426966279984,0.5044247787609132,1.0,0.47826087,-0.42662117,0.0,2.8333333333301853,0.4019138755978938,Burned
0.6524822695033148,0.618055555555341,1.0,0.3993994,-0.6451613,0.0,2.32999999999767,0.21568627450971936,Burned
0.29508196721299385,0.23437499999990846,0.8047788507323215,-0.07058824,-0.27675277,9.244791630200092,0.8681318681313912,0.566473988438979,Burned
0.01187648456056725,0.11518324607326828,0.08685258960043464,-0.08974359,-0.10817942,1.1902268748607938,0.8352941176467313,0.8047619047615215,Burned
-0.08333333333329862,-0.09465020576127793,-1.0,0.5714286,0.86013985,0.0,3.6666666666544447,10.0,Burned
-0.13669064748196522,-0.15789473684204988,-1.0,-0.34246576,0.8857143,0.0,0.48979591836714703,10.0,Burned
-0.3199999999997867,-0.3419354838707472,1.0,-0.5072464,-0.0877193,0.0,0.3269230769228674,0.8387096774186784,Burned
0.17770034843199384,0.5225225225222871,1.0,0.13422818,-0.5371179,0.0,1.3100775193788294,0.30113636363619256,Burned
0.3207547169805269,0.5909090909077479,1.0,-0.57575756,-0.87142855,0.0,0.26923076923056216,0.06870229007628344,Burned
-0.3492063492062568,-0.3492063492062568,-0.22363561758719408,0.6184211,0.43661973,0.6344735078285458,4.241379310330203,2.54999999999745,Burned
0.1967213114753561,0.10327455919392865,-0.4310173919690572,0.38607594,0.5148936,0.39760705274380476,2.257731958760559,3.122807017538381,Burned
0.04716981132073247,0.10447761194024653,-1.0,0.027777778,-0.23404256,0.0,1.0571428571418504,0.6206896551719858,Burned
0.40606060606048305,0.4276923076921761,0.6531219027478831,-0.047227927,-0.39215687,4.765714280403471,0.9098039215682707,0.4366197183096542,Burned
0.179282868525825,0.3831775700932789,0.4270414992510373,-0.26550868,-0.47826087,2.4906542039879507,0.5803921568625175,0.3529411764703995,Burned
0.6612377850160713,0.946564885495822,0.37326127400500414,0.17511521,-0.82051283,2.1911224196228893,1.4245810055857964,0.09859154929563578,Burned
0.4482758620686564,0.4999999999996429,0.9999999998000001,-0.41666666,-0.7586207,10.0,0.4117647058821915,0.1372549019607305,Burned
0.14379084967315564,0.147540983606509,1.0,0.23239437,-0.007633588,0.0,1.6055045871544904,0.9848484848477388,Burned
0.5873015873006551,0.9999999999979999,1.0,-0.19354838,-1.0,0.0,0.6756756756747626,0.0,Burned
-0.7735849056596475,-0.8110236220466055,0.1316072526213078,-0.3846154,-0.0043290043,1.303105370464945,0.4444444444427984,0.991379310343973,Burned
-0.2403100775191936,0.25641025640992765,-1.0,-0.02,-0.68817204,0.0,0.9607843137236063,0.1847133757960607,Burned
-0.5517241379300832,0.2999999999985,-1.0,-0.53571427,-0.88617885,0.0,0.3023255813946457,0.06034482758615487,Burned
-0.14146341463407736,-0.005649717514121102,-1.0,-0.2988048,0.065868266,0.0,0.5398773006131657,1.1410256410241781,Burned
0.2868217054262454,0.3333333333331995,0.7056074764549586,-0.07520892,-0.34901962,5.793650783580137,0.8601036269425596,0.4825581395346032,Burned
-0.07611548556428449,-0.06878306878305059,-1.0,0.08978328,0.45848376,0.0,1.1972789115638114,2.693333333329742,Burned
0.4613180515757991,0.6139240506327172,-0.13290269594902776,0.0,0.37078652,0.7653766797685471,0.9999999999996079,2.178571428563648,Burned
0.024096385542163836,0.09442060085834884,1.0,0.017964073,-0.088552915,0.0,1.0365853658532371,0.837301587301255,Burned
0.1933333333332689,0.1737704918032217,1.0,-0.15764706,-0.33858266,0.0,0.7276422764224685,0.49411764705862976,Burned
0.43352601156056836,0.46745562130163687,0.22135763281655163,0.433526,0.25874126,1.5685733065090766,2.530612244895377,1.6981132075439658,Burned
-0.3333333333329861,-0.1466666666664711,-1.0,-0.70776254,-0.49707603,0.0,0.17112299465231492,0.3359374999997376,Burned
0.014285714285704083,0.37864077669866153,0.04979148236362974,-0.3364486,-0.37254903,1.1048011700454863,0.49650349650314934,0.4571428571422041,Burned
0.8571428571421769,0.4810126582275437,1.0,0.114285715,-0.54189944,0.0,1.2580645161276796,0.29710144927514703,Burned
0.42702702702679624,0.333333333333165,-1.0,0.6708861,-0.029411765,0.0,5.076923076903551,0.9428571428557959,Burned
0.2911392405062554,0.2944162436547476,1.0,0.58878505,0.31753555,0.0,3.8636363636305093,1.9305555555528742,Burned
0.27472527472519925,0.3809523809522676,0.22553191485741841,0.26775956,0.11827957,1.5824175817605322,1.7313432835807976,1.2682926829252825,Burned
-0.6999999999997667,-0.6785714285711862,0.5028248588127612,-0.35714287,0.22077923,3.022727274073915,0.47368421052581716,1.5666666666656224,Burned
0.3821138211381078,0.3456464379946318,1.0,0.5088757,0.1588785,0.0,3.0722891566228046,1.377777777776247,Burned
0.2506459948319766,0.17191283292974047,0.8147982058479573,0.08764045,-0.06811989,9.799031421143182,1.192118226600398,0.8724489795913917,Burned
-0.1548387096773694,-0.015037593984956753,-0.9407204744216037,0.597561,0.1637931,0.030545112788171378,3.9696969696849402,1.3917525773181527,Burned
0.20481927710831035,0.6260162601620927,0.4497591190117066,-0.4065282,-0.7278106,2.634771731222333,0.4219409282698642,0.15753424657523457,Burned
0.5692307692303314,0.35999999999976,1.0,-0.014492754,-0.3846154,0.0,0.9714285714276463,0.4444444444440329,Burned
-0.07692307692302762,0.05882352941172146,0.27142857113515445,-0.12195122,-0.14666666,1.7450980340382596,0.7826086956513232,0.7441860465107626,Burned
0.2834645669290223,0.3415637860080899,-1.0,0.82122904,0.39130434,0.0,10.0,2.285714285707755,Burned
0.44144144144104375,0.3675213675210534,1.0,0.28,-0.43076923,0.0,1.777777777773827,0.3978494623651636,Burned
-0.3279999999997376,-0.1764705882351211,-0.28571428577228897,-0.16,-0.30232558,0.5555555557302347,0.7241379310332342,0.5357142857138074,Burned
0.06730769230765996,0.17460317460308222,-0.45793629178842193,-0.09016393,0.23809524,0.37180205407583206,0.8345864661647862,1.6249999999966145,Burned
0.32183908045967763,0.28491620111723887,-0.1373050581522271,0.23989218,0.33333334,0.7585431326430171,1.6312056737577085,1.999999999996875,Burned
0.6063829787230818,0.5567010309275481,0.34432445795850974,-0.11953353,-0.4379085,2.0502891619299564,0.7864583333329238,0.39090909090873555,Burned
0.0,0.04508196721310552,0.1960461282407625,0.0,-0.014799154,1.4877049131233564,0.9999999999996079,0.9708333333329289,Burned
-0.42068965517226875,-0.3978494623654488,1.0,-0.39784947,0.26623377,0.0,0.4307692307690099,1.725663716812632,Burned
0.42857142857130853,0.3144329896906406,1.0,0.5088757,0.17699115,0.0,3.0722891566228046,1.4301075268801826,Burned
0.24875621890541078,0.227383863080629,-1.0,0.5786164,0.067567565,0.0,3.7462686567108263,1.1449275362310545,Burned
-0.01570680628271429,-0.040816326530591425,0.5757575768689756,0.02173913,0.05154639,3.7142857480858607,1.0444444444432839,1.1086956521727078,Burned
0.5515151515148173,0.7414965986389515,0.45435393253954126,-0.33159268,-0.76687115,2.6653796644204246,0.5019607843135286,0.13194444444435283,Burned
-0.424778761061759,-0.15032679738552268,-1.0,-0.5924765,-0.07853403,0.0,0.25590551181092286,0.8543689320380055,Burned
0.01796407185627667,0.07594936708855954,-0.7832957109491885,-0.15841584,0.46,0.1215189873223366,0.7264957264951055,2.70370370369369,Burned
0.0,0.02777777777775849,-1.0,-0.12426036,-0.50877196,0.0,0.7789473684202327,0.3255813953486858,Burned
0.5454545454543802,0.43661971830973617,1.0,0.7,0.25,0.0,5.6666666666540735,1.6666666666638887,Burned
0.45333333333303116,0.37974683544279764,1.0,0.28994083,-0.34228188,0.0,1.8166666666636389,0.48999999999951,Burned
-0.4390934844191391,-0.3550488599347378,-1.0,-0.38317758,0.6124031,0.0,0.4459459459457451,4.15999999999168,Burned
0.04878048780486615,0.046228710462275856,-0.6997879106952551,0.39158577,0.561753,0.17661738092954166,2.2872340425507582,3.5636363636298842,Burned
0.17751479289935576,0.13714285714281796,-1.0,0.592,0.29613733,0.0,3.9019607843060746,1.8414634146319007,Burned
0.006134969325151492,0.1590106007066576,-1.0,0.95238096,0.49685535,0.0,10.0,2.9749999999925625,Burned
-0.19823788546246776,0.1165644171778426,1.0,0.04,-0.13253012,0.0,1.0833333333320436,0.7659574468076957,Burned
0.24714828897329008,0.4977168949769417,0.02361980648618016,0.38396624,0.3580247,1.0483823955827238,2.246575342462676,2.1153846153764793,Burned
0.07692307692302762,0.25373134328339275,-1.0,0.09090909,-0.537037,0.0,1.1999999999982858,0.301204819276927,Burned
0.06870229007628344,-0.10256410256403682,-0.09200000004093238,-0.4795539,-0.49560118,0.831501832175592,0.3517587939696725,0.33725490196065205,Burned
0.1315789473683345,0.0955414012738245,-0.46273291912457504,-0.11794872,0.05185185,0.3673036092005964,0.7889908256873496,1.1093749999982665,Burned
0.04761904761903018,0.104247104247064,-0.5683662345921516,0.22222222,0.477707,0.27521235513980136,1.5714285714268446,2.829268292676026,Burned
0.5096774193546744,0.5344262295080215,-0.04963026165648571,0.17884131,0.25663716,0.9054328680217891,1.4355828220850089,1.6904761904721655,Burned
0.5585585585583069,0.42386831275702724,0.3215484518116425,-0.1800948,-0.39130434,1.9478892116628972,0.6947791164655844,0.4374999999997266,Burned
0.3934426229507122,0.5596330275227647,0.5604838708895828,0.064718165,-0.38723403,3.550458713343658,1.138392857142349,0.441717791410772,Burned
0.39086294416223816,0.4051282051279974,0.7538008310220081,-0.23888889,-0.5486381,7.123504260976814,0.6143497757844779,0.29145728643201435,Burned
0.44067796610157045,0.3110539845757555,1.0,0.18055555,-0.20943953,0.0,1.440677966100881,0.653658536585047,Burned
-0.24929971988788535,-0.16770186335398518,-0.4109640127514178,0.5857988,0.39259258,0.4174705961131371,3.8285714285604895,2.292682926826472,Burned
0.8222222222213086,0.9069767441849919,1.0,-0.3195021,-0.962963,0.0,0.5157232704399273,0.018867924528292987,Burned
-0.4523809523804138,-0.220338983050474,0.9476950358797961,-0.57009345,-0.40495867,10.0,0.2738095238091978,0.4235294117642076,Burned
0.6363636363629133,0.5652173913037335,-0.08235294117016292,-0.559633,-0.43661973,0.8478260868287034,0.2823529411763599,0.3921568627443291,Burned
0.10714285714279337,0.31914893616998646,1.0,0.4090909,-0.05882353,0.0,2.38461538460927,0.8888888888872428,Burned
-0.12162162162153946,-0.17721518987330556,-0.3057851240269547,-0.16129032,-0.31868133,0.5316455697796072,0.7222222222214197,0.5166666666663796,Burned
-0.20529801324489716,-0.31818181818163743,-0.1515151515350759,0.4117647,0.29608938,0.7368421054342138,2.3999999999904,1.8412698412669186,Burned
0.31606217616563936,0.5301204819273916,1.0,0.40331492,-0.55932206,0.0,2.3518518518474965,0.28260869565196917,Burned
0.5644171779139373,0.6139240506327172,1.0,0.74657536,0.14018692,0.0,6.891891891873265,1.3260869565188562,Burned
0.22857142857131973,0.3367875647666649,-0.25835370820301634,-0.088339224,0.20754717,0.589378238238823,0.8376623376617938,1.5238095238058955,Burned
0.006896551724133175,0.035460992907776274,1.0,-0.29807693,-0.3398058,0.0,0.5407407407403403,0.4927536231880488,Burned
-0.5060728744937223,-0.5836177474400739,1.0,-0.4351852,0.66906476,0.0,0.39354838709652035,5.043478260858601,Burned
0.18181818181811296,0.21400778210108407,-0.11427686587898385,0.22352941,0.278481,0.7948860475092925,1.575757575755984,1.7719298245582948,Burned
0.4569536423839547,0.5714285714283673,-0.015990159900150833,0.16094987,0.18811882,0.9685230022572894,1.3836477987412683,1.463414634142772,Burned
-0.4121863799281677,-0.3716475095784017,1.0,-0.215311,0.40944883,0.0,0.6456692913380743,2.3866666666634844,Burned
0.1864406779660227,0.09803921568623607,-1.0,0.44329897,0.19170985,0.0,2.5925925925877915,1.4743589743570842,Burned
-0.6296296296290467,-0.4117647058817474,1.0,-0.83870965,-0.41463414,0.0,0.08771929824557556,0.41379310344791914,Burned
-0.051546391752550755,-0.13207547169805092,1.0,-0.21030043,0.03448276,0.0,0.6524822695030834,1.0714285714276148,Burned
0.3229571984434541,0.47186147186126765,1.0,0.28787878,-0.36458334,0.0,1.8085106382959484,0.4656488549614766,Burned
0.10160427807481198,0.10752688172037231,-1.0,-0.18253969,-0.41754386,0.0,0.691275167784771,0.41089108910870753,Burned
-0.050632911392394384,0.032110091743111906,-0.8515838810199584,-0.023861172,0.3525641,0.08015630307207892,0.9533898305080707,2.0891089108890206,Burned
-0.11111111111105233,0.01204819277107708,-1.0,-0.1884058,-0.28070176,0.0,0.6829268292677374,0.5616438356160537,Burned
-0.16666666666660881,-0.1864406779660385,1.0,-0.3478261,-0.10485934,0.0,0.4838709677417404,0.8101851851848102,Burned
0.15757575757570982,0.15407854984889605,-0.319957629688181,0.15757576,0.30232558,0.5152001508852169,1.374100719423472,1.8666666666641778,Burned
0.5537848605575483,0.5662650602407364,0.6098052383284436,0.38297874,-0.1,4.125645435893662,2.2413793103422512,0.8181818181805784,Burned
0.7346938775507705,0.6943521594682078,0.6417519637423202,0.3821138,-0.2923077,4.582724249467888,2.2368421052611955,0.5476190476183956,Burned
-0.069999999999965,0.11377245508975224,0.14065180095859262,-0.10144927,-0.12941177,1.3273453078325055,0.8157894736834949,0.7708333333325303,Burned
-0.4649681528659459,-0.37313432835793053,0.48340596724307927,-0.5714286,-0.369863,2.8715120073999185,0.2727272727270956,0.45999999999977004,Burned
0.5460122699384828,0.5460122699384828,-0.11424981150106502,0.20286396,0.40952381,0.7949296281774602,1.5089820359272403,2.3870967741858484,Burned
0.2727272727271178,0.45454545454515943,0.06382978722663284,0.10344828,0.037037037,1.1363636360796818,1.2307692307678781,1.0769230769203155,Burned
-0.5148936170210575,-0.3870967741933403,-1.0,0.26666668,1.0,0.0,1.727272727267493,10.0,Burned
-0.4010695187163631,-0.5409836065571554,0.814459522831955,-0.32934132,0.20512821,9.779319059292279,0.5045045045040499,1.5161290322568417,Burned
0.6687116564413076,0.44680851063806026,1.0,0.24770643,-0.32903227,0.0,1.658536585363831,0.5048543689315487,Burned
-0.3626373626371634,-0.18309859154916686,1.0,-0.37634408,-0.1764706,0.0,0.45312499999964606,0.6999999999994166,Burned
0.07317073170725759,0.30693069306900306,-1.0,-0.18518518,-0.7378277,0.0,0.6874999999992838,0.15086206896545223,Burned
0.21212121212099785,0.3186813186809685,1.0,-0.43127963,-0.67021275,0.0,0.39735099337722035,0.1974522292992373,Burned
0.13953488372084913,0.06521739130431238,-0.44365192563093375,0.12643678,0.22857143,0.38537549384351133,1.2894736842088297,1.5925925925896434,Burned
0.4508474576269658,0.4965034965033229,1.0,0.40789473,-0.12195122,0.0,2.377777777775136,0.7826086956513232,Burned
0.14084507042243605,0.2089552238804411,-1.0,0.54285717,-0.27891156,0.0,3.374999999985938,0.5638297872334427,Burned
-0.5974025974022096,-0.547445255474053,0.625842792616515,-0.5633803,-0.14859438,4.345346718776126,0.2792792792790277,0.741258741258223,Burned
-0.1807228915661562,-0.3300492610835813,-1.0,-0.12820514,0.5882353,0.0,0.7727272727263946,3.8571428571318367,Burned
0.21428571428566326,0.2814070351758087,-1.0,0.7708333,0.3364486,0.0,7.727272727249311,2.0140845070394167,Burned
0.24812030075178643,0.3606557377047702,0.5289575288455088,0.3495935,0.09859155,3.2459016364238744,2.0749999999974063,1.2187499999980957,Burned
0.34161490683219203,0.44481605351155695,-1.0,0.5709091,-0.29957807,0.0,3.661016949146337,0.538961038960689,Burned
0.7535545023693112,0.86868686868643,1.0,0.2012987,-0.8194444,0.0,1.5040650406491836,0.0992366412212983,Burned
0.15322580645155112,0.2654867256635994,-0.09142997460982824,0.079245284,0.1369863,0.8324583768202025,1.172131147540023,1.3174603174582262,Burned
-0.2622950819671056,-0.14285714285707485,1.0,-0.14691943,0.10599078,0.0,0.7438016528919472,1.2371134020605803,Burned
0.2348668280871102,0.23188405797095848,-1.0,0.48255813,-0.036363635,0.0,2.865168539322623,0.9298245614029651,Burned
0.8324607329838574,0.6826923076919795,0.9999999998535211,-0.18604651,-0.7708333,10.0,0.6862745098036525,0.1294117647058316,Burned
0.7999999999984,-0.032258064516094344,-1.0,-0.7,-0.486631,0.0,0.17647058823522493,0.34532374100694585,Burned
-0.23999999999984,-0.27848101265805164,0.6056103650859348,-0.43,-0.23773585,4.071127191001586,0.39860139860111987,0.6158536585362099,Burned
-0.030674846625748056,-0.08670520231208861,-0.35773892324013745,-0.38039216,-0.46131805,0.4730372432519844,0.44886363636338134,0.36862745098024763,Burned
-0.3049645390068759,-0.16949152542358517,-0.5124403117099797,-0.16949153,-0.52577317,0.32236623469059533,0.7101449275352026,0.3108108108106708,Burned
0.7209302325577205,0.5102040816323928,1.0,0.27038628,-0.57522124,0.0,1.7411764705861867,0.2696629213481631,Burned
0.7748344370855796,0.5672514619879724,1.0,0.38860103,-0.3018868,0.0,2.2711864406741165,0.5362318840571939,Burned
0.43689320388307096,0.09629629629622498,-0.7023100977428265,-0.408,0.08928572,0.17487407404226443,0.4204545454543066,1.1960784313702038,Burned
0.6971830985913038,0.9279999999996289,1.0,0.43880597,-0.8317757,0.0,2.563829787231315,0.09183673469378384,Burned
0.3253731343282611,0.3831775700933386,1.0,0.44625407,-0.3125,0.0,2.6117647058792803,0.5238095238092467,Burned
0.2704918032785777,0.41552511415506144,-1.0,0.6666667,-0.2849162,0.0,4.999999999983872,0.5565217391299508,Burned
-0.15789473684204133,0.12432432432425713,-1.0,0.13043478,-0.1980198,0.0,1.299999999998375,0.6694214876027526,Burned
0.5753424657532277,0.5384615384613584,1.0,0.36094674,-0.5740741,0.0,2.1296296296276576,0.27058823529401155,Burned
-0.28912466843493656,-0.18787878787873094,-0.4872226625069467,0.55813956,0.20615384,0.3447885448519211,3.5263157894644044,1.5193798449600626,Burned
0.6564885496180701,0.7019607843134502,0.539453880826716,0.28402367,-0.35042736,3.342670399902543,1.793388429750584,0.4810126582272392,Burned
-0.31666666666640275,-0.2807017543857187,1.0,-0.29310346,-0.006802721,0.0,0.5466666666659378,0.9864864864851534,Burned
0.6230769230766835,0.9537037037032622,0.981929222687236,0.5687732,-0.83870965,10.0,3.637931034476486,0.08771929824546014,Burned
0.007905138339919387,0.04508196721310552,-1.0,0.63987136,0.33142856,0.0,4.553571428563297,1.9914529914512893,Burned
-0.100737100737076,-0.16438356164379808,1.0,-0.16438356,0.0,0.0,0.717647058823248,0.9999999999996079,Burned
0.3550488599347378,0.46478873239420254,0.3553826199223187,0.28395063,0.013333334,2.102615693214173,1.7931034482743162,1.0270270270256392,Burned
0.234782608695448,0.2033898305083022,-0.10135060939920841,-0.5,-0.46285716,0.815952143241499,0.3333333333331769,0.3671874999997132,Burned
-0.9999999999985916,-0.9999999999980392,1.0,-1.0,0.040816326,0.0,0.0,1.0851063829764147,Burned
0.5133531157268506,0.4049586776858389,1.0,0.1590909,-0.28,0.0,1.3783783783776333,0.5624999999997071,Burned
0.005347593582886271,0.0026666666666659558,-1.0,0.17868339,0.16149068,0.0,1.4351145038156985,1.3851851851841592,Burned
-0.26907630522077547,-0.29457364341073855,1.0,-0.37241378,0.050314464,0.0,0.45728643216057424,1.1059602648999298,Burned
0.15892420537893426,0.2845528455283782,-1.0,0.48589343,-0.31782946,0.0,2.8902439024354996,0.5176470588233264,Burned
0.26356589147276605,0.5305164319246336,0.1562964185339163,0.11643836,-0.06542056,1.3705007821186608,1.2635658914718888,0.8771929824546014,Burned
-0.18867924528284086,-0.13131313131299868,1.0,-0.37226278,-0.1764706,0.0,0.4574468085101516,0.699999999999125,Burned
-0.3211009174310454,-0.44360902255622425,-1.0,-0.550152,0.68421054,0.0,0.2901960784312588,5.333333333318518,Burned
0.22302158273365252,0.2878787878785698,-1.0,-0.0058479533,-0.5948276,0.0,0.9883720930221065,0.25405405405391673,Burned
0.21568627450959246,-0.038759689922450574,-0.7650208211719204,-0.38613862,-0.5838509,0.1331311089098307,0.4428571428568266,0.26274509803911267,Burned
-0.21093749999991762,-0.09417040358740172,-1.0,-0.34201956,-0.057915058,0.0,0.49029126213568436,0.8905109489044596,Burned
0.0,0.0,-1.0,0.5,0.47398844,0.0,2.9999999999964704,2.8021978021947227,Burned
-0.4703196347029816,-0.3626373626371634,1.0,-0.4528302,0.09251101,0.0,0.3766233766231321,1.2038834951444621,Burned
-0.025862068965506094,0.046296296296274866,-0.5061011037393999,-0.26384366,-0.17269076,0.3279320985330915,0.5824742268038235,0.7054794520543114,Burned
0.5722543352597849,0.743589743589267,0.7592269493128647,-0.2935065,-0.8206278,7.306577473307952,0.5461847389556039,0.0985221674876362,Burned
0.2929936305731551,0.1871345029239219,-0.24547867410631954,0.23780487,0.35609755,0.6058083058799467,1.6239999999987007,2.106060606057415,Burned
0.353159851300984,0.3481481481480192,-1.0,0.6106195,-0.14563107,0.0,4.136363636354235,0.7457627118637747,Burned
0.2955974842766366,0.359735973597241,0.2570831819385862,0.4558304,0.3197279,1.692091430570223,2.675324675321201,1.93999999999612,Burned
-0.24050632911377184,-0.2814371257483345,-1.0,-0.33701658,0.22988506,0.0,0.4958677685946315,1.5970149253707506,Burned
0.1276595744680172,0.41333333333305783,-1.0,0.65625,-0.3802817,0.0,4.818181818159918,0.44897959183627656,Burned
0.09589041095883843,0.26984126984105566,0.9999999996294118,-0.52238804,-0.69435215,10.0,0.3137254901959554,0.18039215686267437,Burned
0.3561643835613999,0.2692307692305967,0.749999999756215,-0.04347826,-0.27388534,6.9999999817988785,0.9166666666658179,0.56999999999943,Burned
0.38620689655159096,0.48888888888870785,0.028776978414327845,0.2035928,0.16949153,1.0592592590299428,1.5112781954875856,1.4081632653032485,Burned
0.44067796610157045,0.5789473684208735,0.7977457732011399,0.29441625,-0.28421053,8.888544877994992,1.8345323740993997,0.557377049179871,Burned
0.284634760705218,0.32812499999991457,1.0,0.10151188,-0.328125,0.0,1.2259615384609492,0.5058823529409782,Burned
0.35438596491215635,0.4402985074625223,-1.0,0.33564013,-0.54545456,0.0,2.0104166666645726,0.2941176470587082,Burned
0.2755102040814921,0.13636363636357438,0.4643478258375503,-0.27745664,-0.3559322,2.7337662282850896,0.5656108597282509,0.47499999999976256,Burned
-0.21111111111099384,-0.24867724867711713,1.0,-0.43426296,-0.14801444,0.0,0.39444444444422533,0.7421383647794075,Burned
-0.5027624309389488,-0.4857142857140082,1.0,-0.2857143,0.4364641,0.0,0.5555555555548697,2.5490196078381393,Burned
0.02380952380951436,-0.06181818181815934,0.48322147708974933,-0.104166664,-0.06410257,2.870129883455313,0.8113207547164709,0.8795180722886269,Burned
0.2616487455196195,0.2799999999998982,1.0,0.1,-0.2747253,0.0,1.2222222222213737,0.5689655172410524,Burned
0.1764705882351788,0.0778443113771989,0.2190499629097895,-0.37931034,-0.4031008,1.5609832934340577,0.449999999999775,0.42541436464064897,Burned
0.5473684210523435,0.4999999999997449,0.11450381678101508,-0.26865673,-0.3836478,1.2586206893380498,0.576470588235068,0.4454545454541405,Burned
-0.19607843137245293,-0.13684210526308588,0.24810736418739687,-0.21904762,-0.16602316,1.6599542354229289,0.6406249999994996,0.7152317880789966,Burned
0.04724409448817038,-0.03272727272726083,-0.8339446484276039,0.43010753,0.11372549,0.09054545457052708,2.509433962259416,1.2566371681404809,Burned
0.2227074235806888,0.3526570048307475,1.0,0.2173913,-0.24293785,0.0,1.5555555555538272,0.6090909090903553,Burned
0.7894736842102493,0.655844155843943,0.9315098953487154,0.31782946,-0.40782124,10.0,1.9318181818167186,0.4206349206345868,Burned
-0.2744186046510352,-0.09826589595370043,-1.0,-0.5315315,-0.09090909,0.0,0.30588235294105653,0.8333333333326023,Burned
-0.26373626373611886,-0.056338028168974416,-0.500000000221875,0.06349207,-0.050632913,0.3333333335305556,1.1355932203370582,0.9036144578302366,Burned
0.3589743589741289,0.9099099099090902,0.06711489974376772,-0.1969697,-0.5652174,1.1438867437425602,0.6708860759489426,0.2777777777762346,Burned
0.21457489878533825,0.11524163568768951,-0.6367323942658085,-0.025974026,0.40828404,0.22194685387439303,0.9493670886069941,2.3799999999952397,Burned
0.06837606837603916,0.059322033898279954,0.7163461528098789,0.096491225,0.047169812,6.050847395908878,1.2135922330085305,1.0990099009890109,Burned
0.3167259786475741,0.4979757085018227,-1.0,0.9371728,-0.225,0.0,10.0,0.6326530612238442,Burned
0.20833333333311632,0.24731182795672332,-0.2657757980304722,-0.22666667,-0.027777778,0.5800586508901687,0.6304347826080103,0.9459459459433893,Burned
-0.6756756756747626,-0.5862068965507135,-1.0,-0.87027025,0.55932206,0.0,0.0693641618496709,3.5384615384343197,Burned
-0.2941176470584775,-0.1304347826085066,-1.0,-0.54545456,-0.22,0.0,0.29411764705853516,0.6393442622940338,Burned
0.5929824561401429,0.7328244274806364,0.34143493317009216,-0.02783726,-0.527027,2.036905691565631,0.9458333333329393,0.30973451327406215,Burned
0.054151624548716915,0.27510917030555676,1.0,-0.17280453,-0.5088757,0.0,0.705314009661495,0.32549019607830376,Burned
-0.5793991416306526,-0.43352601156044307,0.18039105474797365,-0.47311828,-0.34564644,1.4401881066795967,0.3576642335763813,0.4862745098037309,Burned
0.27702702702693344,0.2154340836012169,-1.0,0.6875,-0.24458204,0.0,5.399999999984571,0.6069651741290513,Burned
0.0,0.0909090909090423,-0.6943127960918355,-0.3108108,0.1409396,0.18041958038374753,0.5257731958760177,1.3281249999979248,Burned
-0.35751295336769046,-0.5098814229246996,1.0,-0.4488889,0.40441176,0.0,0.38036809815927586,2.3580246913551135,Burned
-0.07894736842094875,-0.23913043478234877,-1.0,-0.40677965,0.22580644,0.0,0.42168674698744374,1.583333333328935,Burned
0.3504273504272506,0.5592105263156055,0.9999999998211765,-0.036585364,-0.5838509,10.0,0.9294117647055179,0.26274509803911267,Burned
-0.3144329896906406,-0.3144329896906406,0.6015653189064848,-0.24216524,0.0,4.019643359833339,0.6100917431189863,0.9999999999996079,Burned
0.4407294832825408,0.4234234234232963,-0.1403157103340187,0.019354839,0.2,0.7539002415709205,1.0394736842100705,1.4999999999976563,Burned
0.6717948717945273,0.7068062827221431,-0.005263157894231431,0.20295203,0.2173913,0.9895287956732516,1.5092592592578618,1.5555555555469138,Burned
-0.3496932515335278,-0.3161290322578606,1.0,-0.4903846,-0.04225352,0.0,0.3419354838707472,0.9189189189180911,Burned
0.05590062111800085,0.0851063829787053,-0.6940659339409424,0.59874606,0.8067227,0.18059159311182257,3.9843749999937743,9.34782608691588,Burned
0.06818181818177944,0.5161290322576483,0.12121555730601995,-0.3954984,-0.5081967,1.275870967425924,0.43317972350210454,0.3260869565213847,Burned
0.027027027027002676,0.26666666666637034,-0.27991675334447963,-0.63461536,-0.46774194,0.5626016258971023,0.22352941176461824,0.3626373626369641,Burned
-0.2948328267476308,-0.2418300653593981,-0.4084302326079156,0.6111111,0.292517,0.42002063990801325,4.142857142842347,1.8269230769213203,Burned
-0.16923076923050887,-0.16923076923050887,1.0,-0.38636363,-0.23232323,0.0,0.4426229508189465,0.6229508196711099,Burned
-0.39999999999975006,-0.07692307692300296,-1.0,-0.16521738,0.14285715,0.0,0.7164179104466919,1.3333333333301587,Burned
-0.028225806451607213,-0.028225806451607213,-1.0,0.1421801,0.30769232,0.0,1.3314917127064467,1.88888888888749,Burned
0.09547738693464938,0.03562945368170175,-0.7143044788939398,0.10659899,0.2807571,0.16665389617522752,1.2386363636356599,1.7807017543844028,Burned
0.0207253886010309,0.0883977900552242,-0.534180946975473,0.12571429,0.3253012,0.30362719182465236,1.2875816993455638,1.9642857142833758,Burned
0.008595988538679485,0.08978328173371834,0.7074275355595262,0.68421054,0.6424581,5.835913274767234,5.333333333317172,4.593749999985644,Burned
0.14349775784750146,0.21140142517809707,1.0,0.6612378,0.5022625,0.0,4.9038461538367235,3.0181818181763305,Burned
0.13513513513509456,0.09565217391301575,-0.761449802756114,-0.12702079,0.57575756,0.13542832542207336,0.7745901639341088,3.7142857142768704,Burned
0.004524886877826007,-0.017699115044239957,-1.0,0.0990099,0.5753425,0.0,1.2197802197788794,3.709677419342872,Burned
-0.22274881516577122,-0.31092436974776855,-1.0,-0.39033458,0.30543932,0.0,0.438502673796557,1.879518072286892,Burned
-0.27499999999993124,-0.27499999999993124,-0.2048192771380329,0.16,0.0,0.6600000001584183,1.3809523809510658,0.9999999999996079,Burned
0.18285714285709062,0.14049586776855635,-1.0,0.4425087,-0.025,0.0,2.5874999999967656,0.951219512194542,Burned
0.15384615384611905,0.22009569377985166,-1.0,0.74657536,0.1358885,0.0,6.891891891873265,1.314516129031198,Burned
-0.28519855595657573,-0.24714828897329008,-0.02048366721203502,0.22981367,0.21933086,0.9598549831300869,1.5967741935458115,1.5619047619032744,Burned
0.2727272727271269,0.375722543352384,-0.04458404488341014,-0.1764706,-0.136,0.9146377063224176,0.6999999999995883,0.7605633802806189,Burned
0.05882352941173325,0.05319148936167384,-1.0,-0.22352941,-0.34558824,0.0,0.6346153846149779,0.4863387978139419,Burned
-0.14285714285710285,-0.034700315457402306,-1.0,-0.17962466,0.23773585,0.0,0.6954545454542294,1.623762376236016,Burned
-0.3079365079364102,-0.2508591065291234,1.0,-0.4010989,-0.1632184,0.0,0.42745098039198925,0.7193675889325221,Burned
-0.37743190661463916,-0.2660550458714376,-0.21678069862752183,0.09589041,-0.07070707,0.6436815627482032,1.2121212121193756,0.867924528301341,Burned
0.651063829786957,0.5519999999997792,0.3133622891810345,0.33793104,0.027522936,1.912744185384242,2.020833333331228,1.0566037735829121,Burned
-0.19463087248309086,-0.30232558139517307,0.7758081337002515,-0.024390243,0.24444444,7.920930253312418,0.9523809523794406,1.6470588235269896,Burned
0.3454545454542314,0.10447761194022055,1.0,-0.013333334,-0.21568628,0.0,0.9736842105250346,0.645161290321887,Burned
-0.5675675675668006,-0.59999999999925,-1.0,-0.7398374,0.75342464,0.0,0.14953271028023407,7.111111111032098,Burned
0.13993174061428673,0.27969348658993115,0.19733470011184542,0.49107143,0.41353384,1.4916985943522807,2.9298245613983687,2.41025641025023,Burned
-0.006451612903221645,0.3873873873870384,0.8265378602966003,-0.33620688,-0.6179775,10.0,0.4967741935480666,0.23611111111094715,Burned
0.1111111111110869,0.11597374179428535,-0.5220958569191506,0.25307125,0.4852941,0.31397769111430046,1.6776315789462648,2.885714285710163,Burned
-0.41322314049569703,-0.3004926108372904,-1.0,-0.12345679,1.0,0.0,0.7802197802189228,10.0,Burned
0.022421524663667078,0.07042253521123455,-0.7320683901860273,-0.24252492,0.17159763,0.15468881662665657,0.6096256684488719,1.4142857142836938,Burned
-0.0873786407766142,-0.07843137254894271,1.0,0.20512821,0.29411766,0.0,1.516129032253174,1.8333333333272224,Burned
0.23076923076912637,0.17748917748910067,1.0,0.05019305,-0.22131148,0.0,1.10569105690967,0.6375838926170219,Burned
0.1697247706421629,0.0782241014798989,-0.19683047000130205,0.47398844,0.50344825,0.6710804489627754,2.8021978021947227,3.0277777777735726,Burned
0.4407294832825408,0.4952681388011056,1.0,0.8091603,0.18518518,0.0,9.47999999996208,1.4545454545428098,Burned
0.1079136690647094,0.20784313725482045,1.0,0.56345177,0.2948718,0.0,3.58139534882888,1.8363636363602975,Burned
-0.10810810810796201,-0.07042253521116841,-0.25361155711689726,-0.10810811,-0.15555556,0.5953905254711669,0.8048780487785246,0.7307692307678254,Burned
-0.4193548387092265,-0.2058823529408737,-1.0,-0.35714287,1.0,0.0,0.47368421052548476,10.0,Burned
0.20930232558123313,0.10638297872332882,-0.5960187352498258,-0.11363637,0.22330096,0.25311812172994796,0.7959183673461266,1.5749999999960624,Burned
0.14381270903005225,0.10322580645157961,-0.4691943126754682,0.22580644,0.39698493,0.36129032245429205,1.5833333333318673,2.3166666666628055,Burned
0.32142857142842796,0.4028436018955437,1.0,-0.09756097,-0.5625,0.0,0.8222222222217654,0.27999999999987557,Burned
-0.2571428571427755,-0.25239616613410465,-0.4349899138574703,0.6137931,0.20987654,0.39373801923087876,4.178571428556506,1.5312499999988038,Burned
-0.27102803738292425,-0.3858267716532395,0.9798764065261629,-0.5301205,-0.18518518,10.0,0.30708661417298655,0.687499999999463,Burned
-0.04964539007088678,0.11666666666656944,0.9999999991428572,-0.5838509,-0.65584415,10.0,0.26274509803911267,0.20784313725482045,Burned
0.0749185667752199,0.1999999999999273,1.0,0.04761905,-0.331307,0.0,1.0999999999992667,0.5022831050226018,Burned
0.298050139275683,0.3390804597700175,-0.3533675092467928,0.047191013,0.5231788,0.47779519324516434,1.0990566037730665,3.194444444435571,Burned
-0.15231788079460112,0.09401709401701366,-1.0,-0.24705882,-0.4854369,0.0,0.6037735849050908,0.34640522875794355,Burned
-0.3980582524269913,-0.336898395721745,1.0,0.24,0.7123288,0.0,1.6315789473641273,5.952380952352608,Burned
-0.5037593984960512,-0.39170506912424347,-0.30058919141209955,0.71428573,0.36651585,0.5377645864993015,5.999999999945454,2.1571428571397755,Burned
-0.06249999999990234,0.27659574468026255,0.694805194591877,-0.6407186,-0.75886524,5.553191478202914,0.21897810218962122,0.13709677419343783,Burned
0.5469613259665487,0.8666666666660889,0.3734643734354946,0.64705884,-0.13043478,2.192156862194248,4.666666666651111,0.7692307692248521,Burned
-0.5857605177991632,-0.554006968640922,1.0,0.10344828,0.68939394,0.0,1.2307692307668638,5.439024390230636,Burned
0.12359550561790811,0.2121212121210836,-0.27536231879351775,-0.014778325,0.16071428,0.5681818180296611,0.9708737864068244,1.3829787234013127,Burned
-0.10204081632647856,0.12820512820504604,-0.7138477260316682,-0.05882353,0.67901236,0.16696481810590663,0.888888888887991,5.230769230728994,Burned
0.30769230769222883,0.5044247787609132,0.0843755504580399,0.53614455,0.46086955,1.1843016542051872,3.311688311684011,2.709677419346098,Burned
0.09677419354830905,0.19298245614018159,-1.0,0.7894737,-0.264,0.0,8.49999999989375,0.5822784810119211,Burned
0.18272425249163365,0.2447552447551592,-0.411917547152725,0.39607844,0.6875,0.4165133111795568,2.3116883116853093,5.399999999973001,Burned
0.0,0.0,-1.0,0.6451613,0.5740741,0.0,4.636363636355206,3.6956521739076873,Burned
-0.14186851211067755,-0.10144927536228208,-0.6675000001090006,0.79710144,0.5589744,0.19940029988954502,8.857142857079593,3.5348837209220116,Burned
-0.21999999999989,-0.18749999999990236,0.017356475305242525,0.2,0.20634921,1.0353260875284778,1.4999999999971154,1.5199999999979732,Burned
0.4372881355930721,0.4372881355930721,1.0,0.44709897,-0.26872247,0.0,2.617283950614053,0.5763888888884887,Burned
0.0,0.03869653767819986,-1.0,0.57894737,0.45679012,0.0,3.7499999999944853,2.6818181818151343,Burned
0.18055555555551375,0.20567375886519962,-0.3017740767045162,0.46974063,0.6076555,0.5363649004305581,2.77173913043177,4.0975609755997615,Burned
0.6363636363633849,0.5447761194027818,0.8631955077645977,0.2777778,-0.2781065,10.0,1.769230769229257,0.5648148148142919,Burned
0.15652173913036674,0.4456521739128013,1.0,0.0513834,-0.6666667,0.0,1.1083333333324097,0.19999999999992157,Burned
0.3821138211381078,0.359999999999904,1.0,0.5088757,0.076233186,0.0,3.0722891566228046,1.1650485436881892,Burned
-0.4844444444442292,-0.41999999999979004,1.0,-0.275,0.5026455,0.0,0.5686274509798347,3.0212765957382524,Burned
-0.48611111111094235,-0.44360902255622425,0.2298784018849412,0.17460318,0.35211268,1.5969924817784336,1.4230769230741864,2.086956521736862,Burned
-0.4326241134748705,-0.4666666666663556,1.0,-0.08045977,0.45695364,0.0,0.8510638297854233,2.6829268292617487,Burned
0.07755102040813161,0.15789473684203603,-0.26666666660456056,0.2631579,0.37142858,0.5789473682089965,1.714285714283488,2.181818181813223,Burned
0.3877551020406845,0.5454545454543389,1.0,0.84615386,0.42857143,0.0,10.0,2.4999999999895834,Burned
0.5596330275227647,0.42857142857130853,-0.11191335738866288,0.6037736,0.6859504,0.7987012985532,4.047619047612622,5.368421052603325,Burned
-0.11538461538450444,-0.04166666666662326,-1.0,-0.42857143,-0.35064936,0.0,0.3999999999996522,0.4807692307687685,Burned
0.09999999999983333,0.11864406779640907,-1.0,-0.3265306,-0.61764705,0.0,0.5076923076915266,0.23636363636342148,Burned
0.5882352941159169,-0.19402985074597906,0.1497124727782191,-0.7522936,-0.7288136,1.3521455233286213,0.1413612565444286,0.1568627450979777,Burned
-0.119999999999952,-0.022222222222212346,-0.8821292778004662,0.375,0.045454547,0.06262626264392442,2.1999999999956,1.0952380952370522,Burned
0.13483146067408155,0.3032258064514173,0.026091586789968917,-0.13304721,-0.1496063,1.0535811915419058,0.7651515151509356,0.7397260273962469,Burned
0.06713780918725543,0.17509727626452332,0.9999999994288888,0.58947366,0.46206897,10.0,3.8717948717849437,2.7179487179417485,Burned
-0.032863849765242786,-0.014354066985639066,-0.9243394718207916,0.67479676,0.42281878,0.039317661754104255,5.14999999997425,2.4651162790640346,Burned
0.349999999999125,0.9999999999962964,1.0,-0.30769232,-1.0,0.0,0.5294117647048443,0.0,Burned
-0.1315789473682479,0.941176470585467,0.7806451612160432,-0.4,-0.9677419,8.117647051804065,0.428571428570872,0.016393442622923946,Burned
0.29885057471247195,0.42138364779847715,1.0,0.36969697,-0.21367522,0.0,2.173076923072744,0.6478873239427494,Burned
0.6788321167878257,0.9999999999991305,0.2372881355787767,0.3218391,-1.0,1.6222222219598732,1.9491525423695777,0.0,Burned
0.24694376528111323,0.3043478260868787,-0.3506382978346438,0.48255813,0.74358976,0.48078134838057535,2.865168539322623,6.799999999966,Burned
-0.1685393258426335,-0.0826446280991394,-0.3865857770221788,0.5,0.41621622,0.44239183300327745,2.999999999991892,2.425925925921433,Burned
-0.3218884120170292,-0.36032388663953024,1.0,0.053333335,0.64705884,0.0,1.112676056336461,4.666666666653703,Burned
0.06471816283923493,0.12582781456950864,0.7071751772838059,0.5644172,0.48872182,5.830022048045659,3.5915492957695894,2.911764705878071,Burned
0.4766355140184689,0.6719576719573165,0.4377996802940759,-0.009404388,-0.504,2.557450840059222,0.9813664596267198,0.32978723404220234,Burned
0.17241379310340865,0.2911392405062554,0.39334470980352854,0.22891566,0.060606062,2.296765117738264,1.5937499999990041,1.1290322580636056,Burned
0.19101123595498465,0.16058394160578082,-0.6338378873530737,0.18656716,0.7293233,0.22411165473740663,1.4587155963289369,6.388888888853396,Burned
0.15151515151510977,0.18079096045192633,-0.2804770749268083,0.46666667,0.57608694,0.5619178498791231,2.7499999999963816,3.7179487179391844,Burned
0.14606741573017296,-0.055555555555504114,-0.5384615386852729,-0.03773585,-0.16788322,0.3000000001619444,0.9272727272710413,0.7124999999991094,Burned
-0.15624999999987796,-0.09243697478983828,1.0,-0.34545454,-0.18238993,0.0,0.4864864864860482,0.691489361701392,Burned
0.6230769230766835,0.5984848484846218,0.43559593794906903,0.540146,0.1521739,2.543560604981123,3.349206349201033,1.3589743589708743,Burned
0.42142857142842094,0.4113475177303506,-0.0664210220030934,0.5307692,0.5809524,0.875431896522927,3.262295081961865,3.7727272727101244,Burned
0.14068441064633436,0.25523012552290575,-0.2783742630302227,-0.1891892,0.034883723,0.5644870658128613,0.6818181818178719,1.0722891566252142,Burned
0.5905511811018972,0.9999999999990099,1.0,-0.1755102,-1.0,0.0,0.7013888888884019,0.0,Burned
0.5780590717297139,0.6190476190473511,1.0,0.14723927,-0.7056856,0.0,1.3453237410062264,0.17254901960777547,Burned
0.1737704918032217,0.2218430034128936,-0.4308327018054145,0.049853373,0.425,0.39778745432439716,1.1049382716042564,2.4782608695598296,Burned
-0.01249999999999219,0.3982300884952228,1.0,0.31666666,-0.2,0.0,1.9268292682879833,0.6666666666653595,Burned
0.4352941176468028,0.8484848484842058,0.768421052551498,0.23857868,-0.71428573,7.636363629490781,1.6266666666644978,0.16666666666638888,Burned
-0.17894736842086426,-0.12359550561783865,0.1403734707663799,-0.30357143,-0.2753623,1.3265917617228338,0.5342465753417339,0.5681818181811725,Burned
0.13043478260855387,0.36842105263109415,-0.12666034154142522,-0.57723576,-0.48387095,0.7751578945730235,0.2680412371132639,0.34782608695601763,Burned
0.0,0.6216216216199415,-0.059023285895776906,-0.75510204,-0.6888889,0.8885326002679519,0.13953488372086534,0.1842105263153047,Burned
-0.28089887640417877,-0.1466666666664711,1.0,-0.45762712,-0.27118644,0.0,0.3720930232553813,0.5733333333325689,Burned
0.4193548387083247,0.18918918918867786,-0.6299559470756231,-0.7894737,-0.0625,0.22702702699928146,0.1176470588234665,0.8823529411712804,Burned
0.2830188679242613,0.5280898876398561,1.0,-0.1904762,-0.68421054,0.0,0.67999999999932,0.18749999999983258,Burned
-0.3350785340313259,-0.31165311653108085,1.0,0.4853801,0.7285714,0.0,2.886363636357076,6.36842105261482,Burned
0.011428571428568164,0.03812316715541404,1.0,0.37209302,0.30677292,0.0,2.1851851851824873,1.885057471262201,Burned
0.04602510460249121,0.10132158590303907,-0.6419529836116911,-0.074074075,0.31612903,0.21806167396189396,0.8620689655166469,1.9245283018831612,Burned
-0.08379888268151743,-0.07865168539321425,0.04812834227788233,-0.45874587,-0.45299146,1.1011235970468038,0.3710407239817326,0.3764705882351465,Burned
-0.34865900383128406,-0.22018348623843112,1.0,-0.20930232,0.1875,0.0,0.6538461538456509,1.4615384615368554,Burned
0.1801242236023726,0.2666666666664889,1.0,0.14457831,-0.24657534,0.0,1.3380281690122,0.6043956043949402,Burned
0.3705583756343297,0.31067961165033464,-0.30992535246770736,-0.23295455,0.11811024,0.5268045587962152,0.6221198156679161,1.2678571428548788,Burned
0.3249999999998646,0.2325581395347936,0.13381294960772713,0.15636364,0.1,1.308970098931168,1.3706896551712322,1.2222222222207133,Burned
0.8082191780816382,0.3134328358207396,-1.0,0.8082192,-0.028169014,0.0,9.428571428504082,0.9452054794507599,Burned
0.3333333333330688,0.27272727272706615,1.0,0.12751678,-0.17948718,0.0,1.2923076923057042,0.6956521739120353,Burned
0.6410256410253671,0.5058823529409782,0.25103906896322453,0.25490198,0.016129032,1.6703662591601953,1.6842105263143121,1.0327868852442086,Burned
0.5539568345319756,0.2781065088755751,0.40049662990971857,-0.13253012,-0.29069766,2.3360946725934384,0.7659574468079675,0.5495495495490544,Burned
0.6224489795915192,0.9999999999993712,0.5797101448816911,0.07070707,-1.0,3.7586206882418103,1.1521739130426434,0.0,Burned
0.3186813186809685,0.1764705882351211,-1.0,-0.3220339,-0.61290324,0.0,0.5128205128200745,0.23999999999986288,Burned
0.06569343065688636,0.2695652173910699,-1.0,0.35185185,-0.46153846,0.0,2.0857142857083266,0.36842105263125574,Burned
0.3020134228185893,0.3197278911562451,-1.0,0.33793104,-0.34640524,0.0,2.020833333329123,0.4854368932034122,Burned
0.21518987341744913,0.0909090909089876,-1.0,-0.42168674,-0.64912283,0.0,0.4067796610166044,0.21276595744669535,Burned
-0.9687499999984863,-0.944444444441821,1.0,-0.99170125,-0.014084507,0.0,0.004166666666664931,0.9722222222195216,Burned
0.5666666666657222,0.9999999999978723,0.25882352939491743,-0.28787878,-1.0,1.6984126981222114,0.5529411764699377,0.0,Burned
-0.0789473684210007,-0.10256410256403682,-1.0,-0.22222222,0.40983605,0.0,0.6363636363630578,2.388888888882253,Burned
-0.15151515151499848,-0.11578947368408864,-1.0,-0.66533864,1.0,0.0,0.2009569377989469,10.0,Burned
-0.16949152542358517,0.27272727272691855,1.0,-0.13274336,-0.51724136,0.0,0.7656249999988037,0.31818181818145663,Burned
0.6666666666661111,0.7699115044240974,0.6803782123064248,-0.15611814,-0.773913,5.257395698050986,0.7299270072987374,0.1274509803920319,Burned
-0.20430107526859753,-0.36206896551692924,1.0,-0.74657536,-0.5269461,0.0,0.1450980392156294,0.30980392156850595,Burned
-0.9030303030297558,-0.8967741935478086,-0.02743509482649402,0.7777778,0.59782606,0.946594982180652,7.9999999992,3.972972972962235,Burned
-0.2768361581920122,-0.20249221183794316,-1.0,0.1277533,0.544,0.0,1.292929292927987,3.3859649122747615,Burned
-0.14563106796111794,-0.07368421052628994,-0.5376202976313889,0.3968254,0.2388664,0.30071123767615915,2.3157894736801476,1.6276595744663536,Burned
0.3488372093021228,0.29608938547469493,-0.19624726896205838,-0.37466308,-0.22222222,0.671895143809529,0.45490196078413536,0.6363636363629935,Burned
0.3404255319147126,0.46511627906949704,-0.013933547694274342,-0.33858266,-0.32352942,0.9725158560331587,0.49411764705862976,0.5111111111105432,Burned
-0.7373737373729925,-0.5094339622631897,0.4111111111675924,-0.5873016,-0.31623933,2.3962264162188194,0.25999999999948,0.5194805194798449,Burned
-0.5058823529408789,-0.15999999999984,-1.0,-0.45454547,0.5263158,0.0,0.37499999999966516,3.222222222204321,Burned
0.46835443037945046,0.4409937888196019,1.0,0.3809524,-0.26229507,0.0,2.230769230764941,0.5844155844148254,Burned
0.3676470588232591,0.7383177570086558,0.2755208333092882,-0.30855018,-0.6744186,1.7606038816784373,0.5284090909087907,0.19444444444417439,Burned
0.3937282229963785,0.4440433212994787,1.0,0.5564202,-0.10982659,0.0,3.5087719298184057,0.8020833333324978,Burned
-0.5147058823525628,-0.5416666666662906,-0.21299638990706365,0.5714286,0.0521327,0.6488095238873831,3.6666666666259258,1.1099999999988899,Burned
0.4513274336281189,0.6565656565653251,0.8676912795291185,0.2913386,-0.41379312,10.0,1.8222222222201976,0.41463414634095774,Burned
0.4482758620687447,0.3183856502240725,-0.09271714064766905,0.23012552,0.2991453,0.8302998327213822,1.597826086954785,1.8536585365808447,Burned
-0.46478873239371155,-0.542168674698142,0.0024038461536458624,-0.5421687,-0.53956836,1.0048192772938112,0.29687499999953615,0.2990654205606079,Burned
0.5061728395055479,0.7183098591539179,0.13624038108066985,-0.5878378,-0.7468355,1.3154590189329691,0.25957446808499596,0.144927536231674,Burned
-0.4459459459456447,-0.4496644295298996,1.0,-0.5729167,0.023696683,0.0,0.2715231788077672,1.0485436893193703,Burned
-0.38383838383819,-0.1527777777776717,-1.0,-0.50406504,0.14482759,0.0,0.3297297297295515,1.3387096774171956,Burned
0.1428571428570791,0.2367149758452963,-1.0,0.31958762,-0.22167487,0.0,1.939393939391001,0.6370967741930346,Burned
0.38461538461515704,0.28571428571412877,-0.4082840236264385,-0.3275862,0.19266056,0.42016806716502325,0.5064935064932873,1.4772727272693698,Burned
0.6699029126207088,0.4700854700850683,0.33423180588224455,-0.3986014,-0.6,2.0040485821404994,0.42999999999978505,0.24999999999979838,Burned
-0.3309090909089706,-0.38255033557034146,0.1675977653887524,0.045454547,0.16713881,1.4026845642728434,1.0952380952367913,1.4013605442167338,Burned
0.10256410256403682,0.2463768115940244,0.6694610776174087,-0.2,-0.3846154,5.050724627325567,0.6666666666661499,0.44444444444406456,Burned
0.17431192660534467,0.1428571428570153,-1.0,-0.49003986,-0.6831683,0.0,0.34224598930462985,0.18823529411757325,Burned
-0.25157232704394605,-0.17647058823523307,1.0,0.1959799,0.40495867,0.0,1.4874999999981406,2.3611111111078316,Burned
-0.34745762711849687,-0.36099585062225686,0.03586226604314321,-0.0375,-0.009063444,1.07439241288643,0.9277108433723762,0.9820359281431246,Burned
0.1506849315066429,0.4999999999991071,1.0,-0.64705884,-0.875,0.0,0.21428571428560497,0.06666666666663493,Burned
0.41422594142242086,0.6172248803824798,1.0,0.2659176,-0.58762884,0.0,1.7244897959166077,0.2597402597400911,Burned
0.7013574660630311,0.7819905213266437,0.6202269205590205,-0.15124154,-0.76884425,4.266302715290936,0.7372549019604953,0.13068181818174393,Burned
0.8070175438592952,0.823008849557158,1.0,0.44055945,-0.61538464,0.0,2.574999999996781,0.23809523809495464,Burned
-0.026086956521716446,0.3176470588231557,1.0,0.10891089,-0.48672566,0.0,1.244444444441679,0.34523809523768423,Burned
-0.12280701754375192,0.010101010100999898,-0.9630393399253506,-0.5633188,-0.048543688,0.0188282828247623,0.2793296089383915,0.907407407405727,Burned
-0.23809523809501135,-0.23809523809501135,-0.2672413793516065,-0.05882353,-0.24855492,0.5782312926572616,0.8888888888869135,0.6018518518512945,Burned
0.9999999999992188,0.7655172413787825,0.8223474637589849,0.084745765,-0.6909091,10.0,1.1851851851840878,0.18279569892453462,Burned
-0.21538461538444972,-0.1904761904760393,0.026737967921595298,-0.07272727,-0.0625,1.0549450555292275,0.8644067796595518,0.8823529411754325,Burned
0.31386861313845704,0.1764705882351788,0.31026252971770496,-0.05263158,-0.1369863,1.8996539771936294,0.8999999999991,0.7590361445773988,Burned
-0.29787234042537347,-0.17499999999989063,-1.0,-0.58878505,-0.248,0.0,0.2588235294116632,0.6025641025637164,Burned
0.17919075144503493,0.30351437699670814,1.0,0.14929578,-0.35882354,0.0,1.350993377482549,0.47186147186126765,Burned
0.17511520737323155,0.3144329896906406,1.0,0.7832168,0.4456522,0.0,8.225806451586369,2.6078431372497883,Burned
-0.6933333333328712,-0.6198347107432893,1.0,-0.648855,0.07103825,0.0,0.21296296296276576,1.1529411764692319,Burned
-0.13385826771643003,-0.23611111111094715,-0.40350877198061963,0.46666667,0.11949685,0.4250000000766771,2.74999999998625,1.271428571426755,Burned
0.18681318681308418,0.4025974025971412,0.9791694844069507,-0.37391305,-0.6725979,10.0,0.4556962025314533,0.19574468085098054,Burned
0.5922330097081628,0.5185185185180384,0.28601252606025634,-0.5133531,-0.6886228,1.8011695900163924,0.3215686274508543,0.1843971631204366,Burned
0.2777777777776813,0.6140350877190289,1.0,0.2733564,-0.7056856,0.0,1.7523809523792835,0.17254901960777547,Burned
-0.4285714285712431,-0.3684210526314027,1.0,-0.58878505,0.055350553,0.0,0.2588235294116632,1.1171874999991274,Burned
0.40248962655584963,0.4632034632032627,0.5727635548525591,-0.2028302,-0.52307695,3.681248573059013,0.6627450980389559,0.313131313131155,Burned
-0.037037037036991315,0.1304347826085066,-0.22040816320000356,-0.7100372,-0.6703297,0.6387959863084687,0.16956521739123062,0.19736842105250174,Burned
-0.0566037735848904,-0.011299435028245396,-0.9745390118559552,0.93370163,0.32592592,0.012894649386658958,10.0,1.9670329670308053,Burned
0.20526315789468283,0.1225490196078131,-1.0,0.6776557,0.17377049,0.0,5.204545454533625,1.4206349206337932,Burned
0.37391304347793575,0.36206896551692924,-0.17281281045332897,-0.5269461,-0.37815127,0.7053019731530213,0.30980392156850595,0.4512195121945717,Burned
0.18055555555543018,0.1486486486485482,0.09301816586621071,-0.5,-0.519084,1.2051158291382766,0.33333333333320264,0.31658291457270527,Burned
0.341614906832086,0.3670886075947044,1.0,-0.2551724,-0.58158994,0.0,0.5934065934062674,0.2645502645501246,Burned
0.5135135135132822,0.7777777777773663,0.19282511209279368,-0.01754386,-0.44,1.4777777774968663,0.9655172413787555,0.3888888888881687,Burned
-0.0810810810809715,-0.014492753623167402,-1.0,-0.39823008,0.27272728,0.0,0.43037974683489827,1.74999999999125,Burned
0.5128205128201841,0.6054421768703365,0.04532264750220772,0.2826087,0.20833333,1.0949486175474912,1.787878787876079,1.5263157894656512,Burned
0.016949152542358518,0.1999999999998,-0.49315068486919245,-0.42028984,0.025641026,0.3394495412266347,0.40816326530584485,1.0526315789445984,Burned
0.18604651162769065,0.07368421052623822,-1.0,0.54545456,-0.2413793,0.0,3.399999999977333,0.6111111111102623,Burned
-0.7475728155332547,-0.6119402985065493,0.07545997017022185,-0.5873016,-0.4976744,1.163237864950337,0.25999999999948,0.3354037267078662,Burned
0.06382978723399729,0.10294117647051255,-0.6133456903390604,-0.47916666,-0.16438356,0.23965992641469663,0.35211267605617275,0.7176470588226851,Burned
0.16894977168942057,0.3989071038249187,1.0,-0.28089887,-0.6451613,0.0,0.5614035087716837,0.21568627450971936,Burned
0.06049822064054787,0.13307984790869465,1.0,0.09558824,-0.061728396,0.0,1.2113821138201533,0.8837209302318731,Burned
0.4659090909088262,0.6538461538457347,0.8684755114877467,0.015748031,-0.61702126,10.0,1.0319999999991745,0.23684210526295013,Burned
0.17564402810300336,0.2364532019703851,1.0,0.7133106,0.55,0.0,5.976190476176247,3.44444444443679,Burned
0.5242718446599397,0.5621890547260885,0.1634173055691742,0.2265625,0.023255814,1.3906781876636163,1.585858585856984,1.0476190476165532,Burned
0.6776315789471455,0.6293929712458053,-0.0041316288335811364,0.0,0.008695652,0.9917707424131866,0.9999999999996079,1.0175438596473376,Burned
0.11792452830185898,0.15892420537893426,1.0,0.264,0.051987767,0.0,1.7173913043465818,1.1096774193541228,Burned
-0.3815261044175175,-0.22999999999988502,-1.0,-0.53614455,-0.061068702,0.0,0.30196078431360707,0.8848920863302987,Burned
-0.1279069767441117,-0.13793103448267935,1.0,-0.54545456,-0.44067797,0.0,0.2941176470587082,0.38823529411749486,Burned
-0.1171171171170116,-0.13274336283174093,1.0,-0.35526314,-0.18471338,0.0,0.4757281553393439,0.6881720430100127,Burned
0.43231441048016056,0.41991341991323816,-1.0,0.37815127,-0.49242425,0.0,2.2162162162132213,0.340101522842467,Burned
0.12056737588648207,-0.024691358024683738,-0.8093162629112065,0.40444446,0.21167883,0.10538994283332798,2.358208955220361,1.537037037035614,Burned
0.05641025641022748,0.01477832512314543,-1.0,0.3918919,-0.20318726,0.0,2.2888888888838026,0.6622516556287006,Burned
0.16666666666661523,0.2558139534882871,-0.5075911722785789,-0.14864865,0.56643355,0.326619601287207,0.7411764705879447,3.6129032257947973,Burned
0.17241379310325008,0.324675324674903,0.15432029583667128,-0.6666667,-0.715847,1.3649615684679193,0.19999999999992157,0.1656050955412958,Burned
0.1937984496122529,0.27272727272704733,1.0,-0.4814815,-0.7056856,0.0,0.34999999999984094,0.17254901960777547,Burned
-0.06944444444439622,-0.08219178082186152,-1.0,-0.17791411,0.39823008,0.0,0.6979166666659397,2.323529411757872,Burned
0.2484848484846979,0.2484848484846979,-1.0,0.4820144,0.0,0.0,2.8611111111031633,0.9999999999983871,Burned
0.04901960784311323,0.3209876543207895,-0.28063241103570263,-0.013824885,0.29411766,0.5617283949634804,0.9727272727263884,1.8333333333272224,Burned
-0.3974358974356427,-0.16071428571414223,-0.3051711581142294,-0.2231405,-0.3596059,0.5323660716046935,0.6351351351342768,0.47101449275328194,Burned
-0.012048192771069822,0.09333333333320888,-0.654411764584956,-0.53672314,-0.20930232,0.2088888888419701,0.3014705882350725,0.6538461538448964,Burned
0.06122448979579342,0.20930232558090858,0.1823681935518318,-0.539823,-0.58536583,1.4460887939244764,0.29885057471230014,0.26153846153805915,Burned
-0.1359999999998912,-0.14285714285702947,-1.0,-0.65048546,-0.394958,0.0,0.2117647058822699,0.4337349397587749,Burned
-0.36231884057957886,-0.382456140350743,-1.0,-0.48688048,0.49809885,0.0,0.34509803921555093,2.9848484848439623,Burned
-0.10559006211173566,0.006993006993002104,-1.0,-0.07692308,-0.30392158,0.0,0.8571428571418367,0.5338345864657641,Burned
-0.20481927710818695,0.04761904761897203,-0.8558139533589318,-0.5822785,0.0,0.07769423557622279,0.2639999999997888,0.9999999999966668,Burned
-0.08965517241373128,-0.07692307692302314,-1.0,0.13793103,0.4528302,0.0,1.31999999999736,2.655172413783948,Burned
0.6943521594682078,0.7708333333330657,0.4773139745462173,0.63987136,0.015384615,2.826388887854777,4.553571428563297,1.0312499999967772,Burned
0.4782608695650788,0.5501519756837234,0.37835671337964866,0.5088757,0.19354838,2.2172791738333455,3.0722891566228046,1.47999999999704,Burned
-0.1697247706421629,-0.1697247706421629,-0.5994016668560896,0.57391304,0.0,0.2504676227322753,3.6938775510128696,0.9999999999996079,Burned
0.09900990099005,-0.017699115044239957,-1.0,0.004524887,0.15,0.0,1.0090909090899918,1.3529411764689965,Burned
-0.71999999999952,-0.7307692307687624,1.0,-0.84782606,-0.055944055,0.0,0.0823529411764383,0.8940397350987458,Burned
-0.29914529914504345,-0.3333333333330623,1.0,-0.722973,-0.5133531,0.0,0.16078431372542715,0.3215686274508543,Burned
-0.32142857142845666,-0.34027777777765966,-0.28024739082965033,0.52,0.22539683,0.5621980677259099,3.1666666666561114,1.5819672131134574,Burned
0.44886363636350884,0.5133531157268506,0.4905902803310816,0.5838509,0.27131784,2.9261127579777306,3.8059701492480507,1.7446808510601177,Burned
0.010582010582007783,-0.030456852791870444,-0.43057468426377454,0.043715846,-0.0024570024,0.39803955942095315,1.091428571427948,0.9950980392151986,Burned
0.17511520737323155,0.14606741573030427,-1.0,0.5644172,0.058495823,0.0,3.5915492957695894,1.1242603550289207,Burned
0.342465753424423,0.28104575163380324,-0.07189866250332831,-0.34666666,-0.30379745,0.8658480224437346,0.485148514851245,0.5339805825237534,Burned
-0.4495412844032573,-0.3406593406589663,1.0,-0.5833333,0.025210084,0.0,0.2631578947366113,1.051724137929221,Burned
0.22580645161275756,0.33802816901384647,-1.0,0.5833333,-0.33802816,0.0,3.7999999999848004,0.4947368421047424,Burned
0.07526881720426061,0.14285714285706125,1.0,0.16959064,0.0,0.0,1.4084507042233683,0.9999999999986666,Burned
0.13725490196064974,0.2210526315787147,-0.0909893992749312,-0.52459013,-0.48965517,0.8331983802521563,0.31182795698907967,0.34259259259227537,Burned
0.234782608695448,0.19327731092420733,-0.13830211236469794,-0.24867725,-0.18644068,0.7570028008237218,0.6016949152537273,0.6857142857133061,Burned
0.24444444444417285,0.9999999999982142,0.30434782606667565,-0.24324325,-1.0,1.8749999996466515,0.6086956521732514,0.0,Burned
-0.108910891089055,-0.06249999999996745,-0.6899488928457447,0.2,-0.08928572,0.1834677419893458,1.4999999999975,0.8360655737698065,Burned
-0.06008583690985835,-0.07594936708859157,-1.0,0.030588236,0.44886363,0.0,1.0631067961159888,2.628865979378733,Burned
0.07482993197273821,0.12056737588643933,-1.0,0.17910448,-0.5523466,0.0,1.4363636363610248,0.2883720930231217,Burned
-0.40689655172399763,-0.2863070539417899,-1.0,-0.21100917,0.6315789,0.0,0.651515151514658,4.428571428558775,Burned
-0.09090909090897284,-0.13580246913563482,-1.0,-0.59302324,0.3529412,0.0,0.2554744525545581,2.090909090899587,Burned
0.3456464379946318,0.38964577656665134,1.0,0.7114094,0.3493976,0.0,5.930232558125743,2.074074074070233,Burned
0.3003300330032012,0.28338762214974483,-1.0,1.0,0.5714286,0.0,10.0,3.6666666666544447,Burned
0.5057034220530396,0.5114503816791941,0.0006446760503905008,0.3069307,0.30612245,1.0012901836555097,1.8857142857124898,1.882352941170934,Burned
0.1888111888111448,0.09677419354836629,-0.7237544482952136,0.21140142,0.67330676,0.16025806448963323,1.5361445783123278,5.121951219499702,Burned
0.4662379421220366,0.5250836120399582,0.6339149065435766,0.2631579,-0.19318181,4.463210698547791,1.7142857142844254,0.6761904761898322,Burned
-0.36111111111060956,-0.220338983050474,-1.0,-0.776699,-0.49295774,0.0,0.12568306010922095,0.33962264150911353,Burned
-0.21126760563350525,-0.0344827586206302,1.0,-0.80212015,-0.7802198,0.0,0.1098039215685844,0.12345679012340599,Burned
